ID;DATUM;TYZDEN;1;2;3;4;5;6;7;;
1;7.9.1986;36;1;12;20;22;24;27;40;;
2;14.9.1986;37;9;10;20;25;30;32;36;;
3;21.9.1986;38;6;7;8;16;24;30;33;;
4;28.9.1986;39;1;10;11;36;38;40;41;;
5;5.10.1986;40;13;14;15;27;28;31;35;;
6;12.10.1986;41;4;9;13;22;25;30;39;;
7;19.10.1986;42;14;15;17;22;38;43;45;;
8;26.10.1986;43;1;2;8;11;26;30;41;;
9;2.11.1986;44;6;12;14;16;28;31;45;;
10;9.11.1986;45;5;14;25;30;33;35;38;;
11;16.11.1986;46;5;14;20;22;33;34;39;;
12;23.11.1986;47;8;27;29;35;38;39;44;;
13;30.11.1986;48;4;19;21;31;35;36;45;;
14;7.12.1986;49;2;7;17;19;29;38;41;;
15;14.12.1986;50;17;20;27;33;36;38;39;;
16;15.21.1986;51;2;13;30;33;37;39;41;;
17;1.1.1987;1;1;7;13;14;32;34;44;;
18;11.1.1987;2;7;11;19;26;28;29;33;;
19;18.1.1987;3;2;15;19;28;29;33;42;;
20;25.1.1987;4;1;5;10;16;33;41;43;;
21;1.2.1987;5;4;16;21;35;38;39;45;;
22;8.2.1987;6;12;17;24;28;29;30;33;;
23;15.2.1987;7;2;6;10;23;28;31;41;;
24;22.2.1987;8;3;7;12;16;17;36;44;;
25;1.3.1987;9;11;18;19;24;26;30;42;;
26;8.3.1987;10;1;5;18;24;36;38;42;;
27;15.3.1987;11;4;14;19;23;27;29;34;;
28;22.3.1987;12;3;6;7;13;24;31;44;;
29;29.3.1987;13;3;4;10;21;28;33;44;;
30;5.4.1987;14;5;6;9;14;21;24;44;;
31;12.4.1987;15;3;20;23;26;27;31;40;;
32;19.4.1987;16;3;4;6;18;20;40;42;;
33;26.4.1987;17;5;16;25;28;30;35;36;;
34;3.5.1987;18;21;24;29;32;35;39;43;;
35;10.5.1987;19;10;12;13;14;19;35;40;;
36;17.5.1987;20;32;33;35;39;41;43;45;;
37;24.5.1987;21;3;15;16;17;36;39;42;;
38;31.5.1987;22;8;10;14;26;30;35;41;;
39;7.6.1987;23;8;11;23;24;25;28;32;;
40;14.6.1987;24;1;15;18;30;37;40;43;;
41;21.6.1987;25;3;11;12;16;19;34;42;;
42;28.6.1987;26;10;17;27;30;37;40;45;;
43;5.7.1987;27;5;8;13;15;22;33;36;;
44;12.7.1987;28;2;3;8;17;27;29;44;;
45;19.7.1987;29;1;22;27;28;36;39;43;;
46;26.7.1987;30;8;15;20;25;26;33;41;;
47;2.8.1987;31;4;7;20;28;29;38;43;;
48;9.8.1987;32;3;10;14;20;27;29;45;;
49;16.8.1987;33;3;5;10;12;16;28;37;;
50;23.8.1987;34;5;7;10;22;30;39;43;;
51;30.8.1987;35;8;10;24;30;35;39;43;;
52;6.9.1987;36;8;17;26;33;37;38;39;;
53;13.9.1987;37;9;24;25;26;37;38;45;;
54;20.9.1987;38;4;17;22;26;36;37;39;;
55;27.9.1987;39;3;4;6;10;11;24;36;;
56;4.10.1987;40;7;10;11;33;35;36;41;;
57;11.10.1987;41;2;5;14;20;22;23;31;;
58;18.10.1987;42;21;22;29;30;34;35;42;;
59;25.10.1987;43;20;21;29;32;33;35;43;;
60;1.11.1987;44;15;18;25;26;28;39;44;;
61;8.11.1987;45;5;13;16;22;23;39;41;;
62;15.11.1987;46;14;25;28;29;30;37;41;;
63;22.11.1987;47;7;16;17;20;29;39;45;;
64;29.11.1987;48;4;5;14;17;33;37;39;;
65;6.12.1987;49;10;13;17;25;26;31;38;;
66;13.12.1987;50;4;15;18;19;23;26;31;;
67;20.12.1987;51;3;15;19;24;25;27;29;;
68;27.12.1987;52;9;17;26;32;33;34;35;;
69;3.1.1988;53;8;10;21;27;28;42;45;;
70;10.1.1988;1;7;12;18;22;30;34;40;;
71;17.1.1988;2;1;3;5;22;23;37;42;;
72;24.1.1988;3;1;14;16;21;24;29;34;;
73;31.1.1988;4;5;12;20;25;36;40;41;;
74;7.2.1988;5;9;18;29;31;35;37;41;;
75;14.2.1988;6;1;10;18;19;28;35;45;;
76;21.2.1988;7;13;17;20;30;36;38;42;;
77;28.2.1988;8;4;7;17;18;28;31;37;;
78;6.3.1988;9;4;12;24;25;31;36;37;;
79;13.3.1988;10;3;20;26;33;35;36;37;;
80;20.3.1988;11;1;3;19;21;29;31;44;;
81;27.3.1988;12;2;8;22;23;29;30;31;;
82;3.4.1988;13;3;4;9;12;14;31;44;;
83;10.4.1988;14;1;2;8;13;15;21;23;;
84;17.4.1988;15;3;20;26;27;28;41;42;;
85;24.4.1988;16;4;15;22;26;28;30;35;;
86;1.5.1988;17;12;22;26;30;35;37;45;;
87;8.5.1988;18;13;16;20;31;32;40;42;;
88;15.5.1988;19;4;24;27;32;33;35;41;;
89;22.5.1988;20;7;16;17;26;29;36;41;;
90;29.5.1988;21;8;12;15;20;30;33;38;;
91;5.6.1988;22;4;7;10;19;20;31;43;;
92;12.6.1988;23;2;14;15;25;26;32;39;;
93;19.6.1988;24;2;4;7;10;21;27;28;;
94;26.6.1988;25;9;15;25;34;41;44;45;;
95;3.7.1988;26;10;15;16;18;28;37;40;;
96;10.7.1988;27;2;7;10;11;27;32;43;;
97;17.7.1988;28;5;10;14;20;29;34;37;;
98;24.7.1988;29;2;12;14;27;35;41;43;;
99;31.7.1988;30;9;11;21;23;34;42;43;;
100;7.8.1988;31;1;4;11;32;33;34;42;;
101;14.8.1988;32;4;9;10;16;18;32;39;;
102;21.8.1988;33;12;17;24;26;37;42;43;;
103;28.8.1988;34;3;22;23;28;34;35;45;;
104;4.9.1988;35;3;6;22;38;39;42;43;;
105;11.9.1988;36;2;3;9;12;16;22;41;;
106;18.9.1988;37;1;9;25;27;36;39;43;;
107;25.9.1988;38;4;9;15;23;26;32;35;;
108;2.10.1988;39;2;6;8;12;24;25;30;;
109;9.10.1988;40;2;3;12;25;26;32;36;;
110;16.10.1988;41;7;9;11;19;21;22;30;;
111;23.10.1988;42;15;19;26;39;43;44;45;;
112;30.10.1988;43;8;16;31;32;34;37;43;;
113;6.11.1988;44;8;16;22;32;37;38;42;;
114;13.11.1988;45;2;3;9;23;32;34;35;;
115;20.11.1988;46;2;18;24;26;31;32;42;;
116;27.11.1988;47;1;2;5;6;21;37;39;;
117;4.12.1988;48;7;15;24;26;32;37;40;;
118;11.12.1988;49;2;21;24;35;41;43;44;;
119;18.12.1988;50;2;5;27;31;36;38;41;;
120;25.12.1988;51;10;25;33;35;36;39;42;;
121;1.1.1989;52;7;11;18;22;23;24;40;;
122;8.1.1989;1;10;16;17;27;30;36;39;;
123;15.1.1989;2;9;10;19;23;27;30;43;;
124;22.1.1989;3;6;14;18;21;38;43;45;;
125;29.1.1989;4;1;6;16;20;28;37;38;;
126;5.2.1989;5;13;15;16;19;26;30;44;;
127;12.2.1989;6;4;16;20;27;32;36;37;;
128;19.2.1989;7;1;3;5;12;23;27;40;;
129;26.2.1989;8;2;5;8;11;28;40;44;;
130;5.3.1989;9;3;17;18;20;34;37;39;;
131;12.3.1989;10;4;8;13;26;33;35;41;;
132;19.3.1989;11;13;18;26;28;36;38;42;;
133;26.3.1989;12;7;13;17;23;28;36;43;;
134;2.4.1989;13;3;4;8;9;29;30;34;;
135;9.4.1989;14;6;8;9;22;23;38;43;;
136;16.4.1989;15;6;12;14;15;16;27;43;;
137;23.4.1989;16;10;15;20;24;33;44;45;;
138;30.4.1989;17;13;28;33;35;36;38;45;;
139;7.5.1989;18;6;9;13;17;20;22;44;;
140;14.5.1989;19;2;4;5;9;12;16;31;;
141;21.5.1989;20;2;12;14;16;26;28;40;;
142;28.5.1989;21;2;4;6;12;16;17;28;;
143;4.6.1989;22;14;16;22;26;31;33;39;;
144;11.6.1989;23;4;18;21;25;31;39;40;;
145;18.6.1989;24;9;12;18;21;32;33;45;;
146;25.6.1989;25;7;17;19;23;30;37;38;;
147;2.7.1989;26;7;8;9;14;31;39;40;;
148;9.7.1989;27;3;8;12;17;19;27;35;;
149;16.7.1989;28;1;5;13;16;26;27;45;;
150;23.7.1989;29;5;10;13;18;24;36;44;;
151;30.7.1989;30;1;7;14;17;27;38;41;;
152;6.8.1989;31;6;7;10;28;31;32;43;;
153;13.8.1989;32;13;20;28;30;31;44;45;;
154;20.8.1989;33;2;13;14;29;30;40;42;;
155;27.8.1989;34;2;5;7;15;20;30;34;;
156;3.9.1989;35;11;12;15;20;22;28;32;;
157;10.9.1989;36;4;7;8;10;11;17;34;;
158;17.9.1989;37;5;12;23;24;28;31;39;;
159;24.9.1989;38;1;5;14;20;21;34;41;;
160;1.10.1989;39;2;5;14;31;41;43;45;;
161;8.10.1989;40;2;4;21;36;38;39;44;;
162;15.10.1989;41;7;13;20;29;33;34;41;;
163;22.10.1989;42;1;4;21;22;27;29;41;;
164;29.10.1989;43;2;13;16;32;34;41;44;;
165;5.11.1989;44;2;3;7;14;24;29;38;;
166;12.11.1989;45;4;6;11;22;25;34;43;;
167;19.11.1989;46;2;17;19;27;28;33;38;;
168;26.11.1989;47;3;16;21;29;36;37;45;;
169;3.12.1989;48;6;19;23;28;33;42;44;;
170;10.12.1989;49;8;19;21;28;30;38;40;;
171;17.12.1989;50;3;5;13;23;29;35;45;;
172;24.12.1989;51;2;30;36;37;38;41;42;;
173;31.12.1989;52;3;5;13;21;22;29;39;;
174;7.1.1990;1;1;2;12;31;32;39;40;;
175;14.1.1990;2;5;11;13;19;22;40;42;;
176;21.1.1990;3;1;9;15;28;31;39;41;;
177;28.1.1990;4;8;26;27;35;36;38;40;;
178;4.2.1990;5;15;16;20;24;25;30;43;;
179;11.2.1990;6;11;16;22;23;25;32;39;;
180;18.2.1990;7;1;4;13;18;23;28;42;;
181;25.2.1990;8;8;9;11;16;34;36;40;;
182;4.3.1990;9;2;5;6;23;27;33;35;;
183;11.3.1990;10;3;11;21;23;27;30;33;;
184;18.3.1990;11;1;2;20;29;33;36;41;;
185;25.3.1990;12;3;9;18;22;26;28;44;;
186;1.4.1990;13;1;10;12;29;32;42;45;;
187;8.4.1990;14;7;9;14;18;20;24;35;;
188;15.4.1990;15;2;3;14;25;28;29;32;;
189;22.4.1990;16;7;8;20;28;30;31;33;;
190;29.4.1990;17;10;19;24;26;37;42;43;;
191;6.5.1990;18;4;9;15;24;30;37;39;;
192;13.5.1990;19;3;11;13;19;22;29;42;;
193;20.5.1990;20;4;10;21;29;31;34;39;;
194;27.5.1990;21;2;16;23;26;31;41;44;;
195;3.6.1990;22;10;12;20;23;33;39;41;;
196;10.6.1990;23;3;8;18;31;37;40;43;;
197;17.6.1990;24;5;15;18;23;24;29;35;;
198;24.6.1990;25;6;10;11;16;22;38;43;;
199;1.7.1990;26;3;7;8;21;26;28;33;;
200;8.7.1990;27;3;4;5;7;19;25;42;;
201;15.7.1990;28;10;17;18;19;31;34;39;;
202;22.7.1990;29;6;10;11;13;32;39;43;;
203;29.7.1990;30;1;7;9;22;23;39;41;;
204;5.8.1990;31;2;10;11;19;23;26;29;;
205;12.8.1990;32;8;12;17;18;21;29;44;;
206;19.8.1990;33;10;12;19;22;29;31;44;;
207;26.8.1990;34;2;6;7;11;12;20;35;;
208;2.9.1990;35;18;28;30;35;36;37;43;;
209;9.9.1990;36;11;22;27;34;39;42;44;;
210;16.9.1990;37;8;11;16;19;26;32;37;;
211;23.9.1990;38;6;16;18;25;29;30;33;;
212;30.9.1990;39;3;5;18;25;37;38;44;;
213;7.10.1990;40;5;6;29;31;32;38;43;;
214;14.10.1990;41;1;3;4;13;15;21;39;;
215;21.10.1990;42;10;15;23;37;41;43;44;;
216;28.10.1990;43;4;6;21;26;35;42;45;;
217;4.11.1990;44;4;9;10;11;12;17;44;;
218;11.11.1990;45;2;6;17;21;30;43;45;;
219;18.11.1990;46;5;7;11;26;31;35;42;;
220;25.11.1990;47;7;30;35;37;40;43;44;;
221;2.12.1990;48;7;9;23;25;29;42;45;;
222;9.12.1990;49;9;10;12;31;39;41;44;;
223;16.12.1990;50;6;18;20;23;24;34;36;;
224;23.12.1990;51;5;22;32;34;42;43;45;;
225;30.12.1990;52;3;4;13;31;32;35;44;;
226;6.1.1991;53;6;9;16;17;31;42;43;;
227;13.1.1991;2;8;12;23;30;32;33;43;;
228;20.1.1991;3;2;14;15;18;27;32;39;;
229;27.1.1991;4;1;5;27;28;36;42;43;;
230;3.2.1991;5;8;10;19;30;34;37;39;;
231;10.2.1991;6;6;16;18;27;39;42;43;;
232;17.2.1991;7;1;6;12;14;26;29;43;;
233;24.2.1991;8;5;11;12;16;18;43;44;;
234;3.3.1991;9;8;15;20;25;26;35;44;;
235;10.3.1991;10;2;8;19;21;28;33;39;;
236;17.3.1991;11;7;11;18;20;25;36;40;;
237;24.3.1991;12;9;15;24;26;29;31;37;;
238;31.3.1991;13;3;6;23;24;31;34;44;;
239;7.4.1991;14;7;11;19;25;26;32;42;;
240;14.4.1991;15;6;8;21;22;24;30;40;;
241;21.4.1991;16;2;9;10;23;25;39;45;;
242;28.4.1991;17;2;5;6;9;10;31;38;;
243;5.5.1991;18;5;11;15;16;17;19;41;;
244;12.5.1991;19;14;15;27;28;32;40;42;;
245;19.5.1991;20;19;24;25;29;31;41;42;;
246;26.5.1991;21;3;7;9;21;23;24;35;;
247;2.6.1991;22;5;13;17;37;42;43;44;;
248;9.6.1991;23;1;2;13;23;27;39;41;;
249;16.6.1991;24;6;12;17;19;20;21;42;;
250;23.6.1991;25;7;8;18;21;24;26;36;;
251;30.6.1991;26;5;6;13;17;34;38;41;;
252;7.7.1991;27;1;3;9;14;25;26;29;;
253;14.7.1991;28;1;8;11;12;16;31;35;;
254;21.7.1991;29;2;4;6;7;22;27;36;;
255;28.7.1991;30;12;14;20;29;35;44;45;;
256;4.8.1991;31;13;22;24;27;30;32;38;;
257;11.8.1991;32;5;7;8;9;28;34;40;;
258;18.8.1991;33;6;7;22;23;33;41;43;;
259;25.8.1991;34;6;10;14;16;21;22;42;;
260;1.9.1991;35;5;7;15;18;25;26;28;;
261;8.9.1991;36;3;4;12;17;25;37;44;;
262;15.9.1991;37;11;13;14;17;19;23;29;;
263;22.9.1991;38;7;8;9;38;40;41;45;;
264;29.9.1991;39;12;14;20;30;31;36;42;;
265;6.10.1991;40;6;9;14;31;32;34;41;;
266;13.10.1991;41;1;21;22;26;28;36;40;;
267;20.10.1991;42;3;6;18;32;35;37;40;;
268;27.10.1991;43;2;5;10;17;23;29;31;;
269;3.11.1991;44;1;7;9;10;39;40;43;;
270;10.11.1991;45;2;21;27;31;35;36;40;;
271;17.11.1991;46;1;4;8;9;26;33;36;;
272;24.11.1991;47;8;10;11;15;22;24;28;;
273;1.12.1991;48;15;16;19;21;22;26;45;;
274;8.12.1991;49;13;14;22;32;35;37;38;;
275;15.12.1991;50;10;11;12;19;30;33;35;;
276;22.12.1991;51;8;14;17;23;29;38;45;;
277;29.12.1991;52;6;8;9;16;25;26;42;;
278;5.1.1992;1;7;14;17;18;19;25;40;;
279;12.1.1992;2;8;9;16;18;24;35;45;;
280;19.1.1992;3;15;16;29;30;33;34;42;;
281;26.1.1992;4;27;30;31;32;34;39;44;;
282;2.2.1992;5;1;12;14;26;27;31;43;;
283;9.2.1992;6;5;8;14;24;25;33;42;;
284;16.2.1992;7;1;7;17;19;21;25;29;;
285;23.2.1992;8;7;15;20;22;25;30;34;;
286;1.3.1992;9;1;7;11;34;35;38;41;;
287;8.3.1992;10;12;24;25;29;35;40;45;;
288;15.3.1992;11;1;4;8;27;32;37;40;;
289;22.3.1992;12;2;6;13;24;28;31;42;;
290;29.3.1992;13;4;8;33;34;35;36;44;;
291;5.4.1992;14;2;7;20;21;30;35;36;;
292;12.4.1992;15;21;24;30;34;36;38;39;;
293;19.4.1992;16;4;13;16;17;20;22;39;;
294;26.4.1992;17;4;5;6;14;23;26;27;;
295;3.5.1992;18;2;4;5;20;26;27;33;;
296;10.5.1992;19;4;7;21;25;27;39;42;;
297;17.5.1992;20;4;5;22;26;33;36;43;;
298;24.5.1992;21;2;7;8;17;27;29;36;;
299;31.5.1992;22;3;17;21;22;30;39;45;;
300;7.6.1992;23;11;17;20;29;30;31;40;;
301;14.6.1992;24;1;7;13;16;22;27;41;;
302;21.6.1992;25;10;21;26;28;38;39;44;;
303;28.6.1992;26;3;7;20;34;35;43;45;;
304;5.7.1992;27;5;7;13;20;26;28;36;;
305;12.7.1992;28;8;13;27;34;35;36;40;;
306;19.7.1992;29;1;2;7;11;25;28;45;;
307;26.7.1992;30;9;12;16;18;22;25;45;;
308;2.8.1992;31;2;11;14;27;30;35;43;;
309;9.8.1992;32;4;7;21;26;27;29;38;;
310;16.8.1992;33;2;5;12;16;30;31;33;;
311;23.8.1992;34;4;6;11;31;34;39;41;;
312;30.8.1992;35;3;4;11;15;27;32;39;;
313;6.9.1992;36;18;24;37;39;40;43;45;;
314;13.9.1992;37;4;9;20;26;27;30;31;;
315;20.9.1992;38;3;7;12;13;18;20;40;;
316;27.9.1992;39;12;19;21;22;25;27;28;;
317;4.10.1992;40;3;7;10;24;35;36;39;;
318;11.10.1992;41;1;12;13;25;36;43;44;;
319;18.10.1992;42;7;10;21;28;37;38;44;;
320;25.10.1992;43;10;23;25;31;36;38;45;;
321;1.11.1992;44;5;22;23;31;33;37;45;;
322;8.11.1992;45;4;8;18;21;26;28;37;;
323;15.11.1992;46;7;12;15;21;22;26;30;;
324;22.11.1992;47;3;10;13;16;19;21;43;;
325;29.11.1992;48;1;5;19;23;24;40;42;;
326;6.12.1992;49;16;17;20;26;34;43;44;;
327;13.12.1992;50;12;21;22;30;31;32;38;;
328;20.12.1992;51;8;12;16;33;34;36;44;;
329;27.12.1992;52;1;10;12;13;26;36;45;;
330;3.1.1993;53;1;26;33;34;39;40;45;;
331;10.1.1993;1;2;8;11;18;26;38;44;;
332;17.1.1993;2;1;2;4;24;26;28;40;;
333;24.1.1993;3;11;20;26;28;34;36;40;;
334;31.1.1993;4;4;18;24;29;36;39;40;;
335;7.2.1993;5;8;14;15;24;26;39;42;;
336;14.2.1993;6;6;10;12;22;28;30;33;;
337;21.2.1993;7;2;13;21;28;32;38;39;;
338;28.2.1993;8;3;4;10;16;17;20;34;;
339;7.3.1993;9;5;17;25;28;32;37;40;;
340;14.3.1993;10;5;7;11;20;23;34;37;;
341;21.3.1993;11;6;19;20;25;39;40;42;;
342;28.3.1993;12;5;7;17;28;32;43;45;;
343;4.4.1993;13;6;9;18;21;33;36;43;;
344;11.4.1993;14;3;11;20;33;34;42;45;;
345;18.4.1993;15;1;5;11;25;31;36;38;;
346;25.4.1993;16;5;21;28;34;40;41;43;;
347;2.5.1993;17;2;7;10;13;26;28;36;;
348;9.5.1993;18;6;9;15;16;27;32;37;;
349;16.5.1993;19;5;10;11;24;25;33;38;;
350;23.5.1993;20;5;15;17;24;34;43;45;;
351;30.5.1993;21;13;20;21;26;30;33;35;;
352;6.6.1993;22;9;16;30;36;40;43;45;;
353;13.6.1993;23;10;11;15;27;30;36;42;;
354;20.6.1993;24;8;12;13;18;23;24;30;;
355;27.6.1993;25;13;16;26;34;35;41;44;;
356;4.7.1993;26;1;6;12;13;33;40;45;;
357;11.7.1993;27;2;8;19;20;24;34;44;;
358;18.7.1993;28;8;11;12;16;19;33;37;;
359;25.7.1993;29;9;11;13;25;37;38;44;;
360;1.8.1993;30;2;4;6;26;29;32;42;;
361;8.8.1993;31;2;7;15;17;18;32;35;;
362;15.8.1993;32;4;11;13;17;34;37;40;;
363;22.8.1993;33;2;7;20;22;27;33;43;;
364;29.8.1993;34;13;17;23;27;30;35;41;;
365;5.9.1993;35;3;23;29;30;37;38;41;;
366;12.9.1993;36;4;5;6;15;37;38;44;;
367;19.9.1993;37;2;6;8;14;22;29;30;;
368;26.9.1993;38;13;15;25;29;33;34;37;;
369;3.10.1993;39;3;10;15;31;36;37;45;;
370;10.10.1993;40;7;14;15;23;36;41;44;;
371;17.10.1993;41;5;6;10;17;24;34;39;;
372;24.1.1900;42;6;10;16;27;29;35;38;;
373;31.10.1993;43;6;25;33;38;42;43;45;;
374;7.11.1993;44;11;15;21;27;29;30;44;;
375;14.11.1993;45;7;22;27;29;36;38;43;;
376;21.11.1993;46;2;19;21;26;34;42;44;;
377;28.11.1993;47;4;9;14;16;33;36;42;;
378;5.12.1993;48;2;14;17;41;42;44;45;;
379;12.12.1993;49;7;8;26;27;36;40;43;;
380;19.12.1993;50;4;5;7;8;16;20;30;;
381;27.12.1993;51;1;2;5;7;33;37;41;;
382;2.1.1994;1;4;6;7;15;25;26;37;;
383;9.1.1994;2;15;23;26;28;32;33;40;;
384;16.1.1994;3;5;8;11;12;39;43;45;;
385;23.1.1994;4;5;16;19;20;30;32;39;;
386;30.1.1994;5;14;21;30;31;34;37;44;;
387;6.2.1994;6;1;4;6;12;15;17;23;;
388;13.2.1994;7;1;8;15;20;32;36;42;;
389;20.2.1994;8;19;24;25;34;37;41;43;;
390;27.2.1994;9;2;15;18;27;37;41;43;;
391;6.3.1994;10;5;11;29;30;31;32;37;;
392;13.3.1994;11;7;14;18;27;31;38;39;;
393;20.3.1994;12;5;10;23;27;31;37;42;;
394;27.3.1994;13;2;19;24;32;33;36;40;;
395;3.4.1994;14;1;11;13;19;32;38;43;;
396;10.4.1994;15;2;3;13;17;26;39;45;;
397;17.4.1994;16;10;13;19;23;24;25;32;;
398;24.4.1994;17;2;7;12;14;18;25;40;;
399;1.5.1994;18;3;12;16;30;39;40;42;;
400;8.5.1994;19;3;5;11;25;30;42;44;;
401;15.5.1994;20;1;9;12;23;27;28;45;;
402;22.5.1994;21;2;9;11;16;23;35;45;;
403;29.5.1994;22;1;3;16;17;20;26;37;;
404;5.6.1994;23;3;5;9;21;29;39;45;;
405;12.6.1994;24;1;19;26;29;31;36;37;;
406;19.6.1994;25;5;7;20;21;23;25;26;;
407;26.6.1994;26;7;14;19;22;24;36;40;;
408;3.7.1994;27;3;10;15;28;34;41;43;;
409;10.7.1994;28;11;19;22;24;33;37;43;;
410;17.7.1994;29;17;20;21;29;30;31;39;;
411;24.7.1994;30;16;17;32;33;36;43;45;;
412;31.7.1994;31;4;7;9;13;14;18;22;;
413;7.8.1994;32;1;16;17;21;25;29;36;;
414;14.8.1994;33;12;15;24;25;36;43;45;;
415;21.8.1994;34;2;3;4;9;16;19;32;;
416;28.8.1994;35;2;5;10;32;34;41;44;;
417;4.9.1994;36;4;8;12;14;40;41;45;;
418;11.9.1994;37;8;10;11;15;18;23;38;;
419;18.9.1994;38;16;17;19;23;39;42;43;;
420;25.9.1994;39;7;8;10;11;13;27;36;;
421;2.10.1994;40;6;7;18;25;33;38;42;;
422;9.10.1994;41;4;10;13;14;18;19;21;;
423;16.10.1994;42;17;18;25;29;33;39;42;;
424;23.10.1994;43;10;21;29;30;39;43;45;;
425;30.10.1994;44;3;15;20;27;28;37;41;;
426;6.11.1994;45;1;6;11;15;18;26;30;;
427;13.11.1994;46;4;5;7;8;13;15;29;;
428;20.11.1994;47;4;14;21;25;35;36;40;;
429;27.11.1994;48;4;26;28;30;35;36;38;;
430;4.12.1994;49;1;5;11;20;35;40;45;;
431;11.12.1994;50;6;8;9;14;18;37;42;;
432;18.12.1994;51;5;11;22;23;27;37;43;;
433;25.12.1994;1;2;5;24;39;41;43;45;;
434;1.1.1995;1;7;13;15;19;25;38;41;;
435;8.1.1995;2;7;9;13;16;22;23;27;;
436;15.1.1995;3;5;6;7;9;30;33;40;;
437;22.1.1995;4;9;17;23;27;36;38;42;;
438;29.1.1995;5;2;8;11;20;28;30;35;;
439;5.2.1995;6;1;7;12;20;22;37;42;;
440;12.2.1995;7;2;4;9;21;22;28;42;;
441;19.2.1995;8;9;15;25;26;36;40;43;;
442;26.2.1995;9;17;23;27;28;29;43;44;;
443;5.3.1995;10;4;5;13;21;31;42;45;;
444;12.3.1995;11;1;7;14;19;22;31;40;;
445;19.3.1995;12;4;5;30;35;36;38;42;;
446;26.3.1995;13;3;14;17;31;38;39;43;;
447;2.4.1995;14;3;5;7;11;15;17;35;;
448;9.4.1995;15;3;7;21;28;34;40;41;;
449;16.4.1995;16;6;8;10;16;22;23;35;;
450;23.4.1995;17;12;17;26;30;38;43;44;;
451;30.4.1995;18;21;24;25;26;38;39;41;;
452;7.5.1995;19;1;10;15;28;31;38;42;;
453;14.5.1995;20;7;9;13;15;16;20;30;;
454;21.5.1995;21;8;15;25;33;35;42;45;;
455;28.5.1995;22;1;3;6;28;36;38;43;;
456;4.6.1995;23;9;22;23;30;37;38;44;;
457;11.6.1995;24;4;13;23;38;41;42;45;;
458;18.6.1995;25;4;9;27;28;40;42;45;;
459;25.6.1995;26;10;12;27;28;38;40;43;;
460;2.7.1995;27;4;15;18;23;24;29;40;;
461;9.7.1995;28;4;9;11;32;35;42;44;;
462;16.7.1995;29;1;2;16;22;26;31;33;;
463;23.7.1995;30;1;11;15;19;26;32;39;;
464;30.7.1995;31;7;19;20;21;29;31;32;;
465;6.8.1995;32;5;12;18;19;23;30;45;;
466;13.8.1995;33;5;6;9;22;25;26;45;;
467;20.8.1995;34;4;5;18;19;32;37;38;;
468;27.8.1995;35;1;3;17;19;26;35;44;;
469;3.9.1995;36;7;15;23;30;36;42;43;;
470;10.9.1995;37;12;14;19;20;31;35;44;;
471;17.9.1995;38;2;23;26;29;34;37;40;;
472;24.9.1995;39;2;3;7;10;12;31;44;;
473;1.10.1995;40;1;2;4;5;17;26;44;;
474;8.10.1995;41;1;5;29;30;33;35;42;;
475;15.10.1995;42;8;25;26;29;30;40;42;;
476;22.10.1995;43;1;17;24;26;30;33;44;;
477;29.10.1995;44;4;9;15;26;34;35;39;;
478;5.11.1995;45;1;4;12;19;24;28;44;;
479;12.11.1995;46;7;9;10;11;25;26;32;;
480;19.11.1995;47;1;2;8;12;18;19;23;;
481;26.11.1995;48;7;16;18;21;22;29;32;;
482;3.12.1995;49;2;13;15;24;25;28;44;;
483;10.12.1995;50;11;13;17;19;25;43;44;;
484;17.12.1995;51;5;6;12;14;16;27;41;;
485;23.12.1995;52;5;8;18;27;31;36;45;;
486;31.12.1995;53;13;24;25;29;32;33;35;;
487;7.1.1996;1;1;14;25;27;37;38;43;;
488;14.1.1996;2;17;18;20;25;30;32;44;;
489;21.1.1996;3;16;18;22;23;25;31;32;;
490;28.1.1996;4;6;18;22;30;33;35;45;;
491;4.2.1996;5;15;16;19;23;28;30;45;;
492;11.2.1996;6;3;5;12;15;20;21;41;;
493;18.2.1996;7;11;13;23;24;30;33;43;;
494;25.2.1996;8;5;25;34;36;37;42;43;;
495;3.3.1996;9;14;22;25;28;31;33;40;;
496;10.3.1996;10;14;17;22;25;29;34;39;;
497;17.3.1996;11;3;8;17;22;33;34;40;;
498;24.3.1996;12;10;21;23;29;34;38;39;;
499;31.3.1996;13;2;8;13;29;34;35;41;;
500;7.4.1996;14;1;3;13;25;27;31;37;;
501;14.4.1996;15;16;21;25;30;35;37;38;;
502;21.4.1996;16;3;20;24;27;32;39;44;;
503;28.4.1996;17;5;11;16;17;26;36;40;;
504;5.5.1996;18;14;22;23;26;31;36;39;;
505;12.5.1996;19;1;7;16;30;33;43;45;;
506;19.5.1996;20;4;6;10;12;14;33;45;;
507;26.5.1996;21;9;16;26;27;29;40;41;;
508;2.6.1996;22;3;7;12;16;21;39;41;;
509;9.6.1996;23;9;12;19;28;29;31;43;;
510;16.6.1996;24;4;8;21;28;37;38;39;;
511;23.6.1996;25;1;7;8;13;15;28;42;;
512;30.6.1996;26;3;4;6;14;31;33;40;;
513;7.7.1996;27;6;13;16;17;33;34;43;;
514;14.7.1996;28;4;30;32;34;36;40;41;;
515;21.7.1996;29;1;16;22;26;37;41;45;;
516;28.7.1996;30;10;13;19;25;36;40;44;;
517;4.8.1996;31;3;7;16;23;26;27;45;;
518;11.8.1996;32;1;3;5;22;27;32;40;;
519;18.8.1996;33;7;11;21;26;28;41;44;;
520;25.8.1996;34;6;8;15;24;35;42;44;;
521;1.9.1996;35;4;6;15;17;25;29;38;;
522;8.9.1996;36;5;7;18;29;33;42;45;;
523;15.9.1996;37;1;4;8;21;22;27;34;;
524;22.9.1996;38;1;2;4;11;27;31;34;;
525;29.9.1996;39;15;16;17;26;31;38;42;;
526;6.10.1996;40;6;18;34;35;41;44;45;;
527;13.10.1996;41;6;16;22;25;33;42;44;;
528;20.10.1996;42;14;17;29;31;35;36;42;;
529;27.10.1996;43;7;12;15;28;35;39;41;;
530;3.11.1996;44;4;5;11;22;26;41;44;;
531;10.11.1996;45;7;14;18;19;35;37;44;;
532;17.11.1996;46;3;11;18;22;27;32;44;;
533;24.11.1996;47;1;2;8;13;20;24;34;;
534;1.12.1996;48;1;23;24;27;29;40;45;;
535;8.12.1996;49;9;11;26;27;31;39;43;;
536;15.12.1996;50;5;15;17;38;41;44;45;;
537;22.12.1996;51;6;26;31;34;35;38;39;;
538;29.12.1996;52;1;9;23;24;26;35;42;;
539;5.1.1997;1;3;8;9;25;26;34;35;;
540;12.1.1997;2;3;4;5;6;8;21;35;;
541;19.1.1997;3;3;7;26;28;31;38;40;;
542;26.1.1997;4;2;7;8;32;39;42;43;;
543;2.2.1997;5;4;8;13;20;28;37;39;;
544;9.2.1997;6;1;5;10;20;26;27;45;;
545;16.2.1997;7;5;11;19;20;30;33;44;;
546;23.2.1997;8;12;21;24;28;29;33;35;;
547;2.3.1997;9;14;16;17;24;30;38;44;;
548;9.3.1997;10;3;6;10;27;31;35;36;;
549;16.3.1997;11;5;7;12;17;19;35;41;;
550;23.3.1997;12;4;15;31;36;38;42;44;;
551;30.3.1997;13;3;14;17;26;27;36;44;;
552;6.4.1997;14;5;7;12;25;27;28;30;;
553;13.4.1997;15;11;17;22;23;40;41;42;;
554;20.4.1997;16;14;15;19;26;33;38;45;;
555;27.4.1997;17;7;8;9;11;13;35;43;;
556;4.5.1997;18;3;5;19;22;25;41;45;;
557;11.5.1997;19;3;28;29;34;35;39;40;;
558;18.5.1997;20;5;22;25;26;28;36;45;;
559;25.5.1997;21;2;14;21;23;35;41;42;;
560;1.6.1997;22;3;10;13;18;23;30;35;;
561;8.6.1997;23;3;4;9;26;32;33;39;;
562;15.6.1997;24;11;18;22;23;26;42;45;;
563;22.6.1997;25;4;10;18;23;24;26;31;;
564;29.6.1997;26;3;5;8;15;20;28;41;;
565;6.7.1997;27;2;4;10;13;17;25;44;;
566;13.7.1997;28;3;6;33;35;37;42;43;;
567;20.7.1997;29;1;11;21;23;24;38;42;;
568;27.7.1997;30;1;6;15;24;41;43;45;;
569;3.8.1997;31;1;3;6;10;33;39;42;;
570;10.8.1997;32;30;32;34;35;38;43;44;;
571;17.8.1997;33;3;13;16;19;28;31;42;;
572;24.8.1997;34;18;21;22;28;30;31;44;;
573;31.8.1997;35;1;4;14;15;29;33;35;;
574;3.9.1997;36;5;13;15;18;22;30;31;;
575;7.9.1997;36;3;17;24;30;37;42;44;;
576;10.9.1997;37;3;6;9;11;26;39;44;;
577;14.9.1997;37;5;7;11;16;21;28;32;;
578;17.9.1997;38;2;4;12;14;20;43;45;;
579;21.9.1997;38;3;9;16;23;27;38;41;;
580;24.9.1997;39;2;13;18;19;23;24;44;;
581;28.9.1997;39;12;14;16;23;25;27;28;;
582;1.10.1997;40;4;11;24;27;33;38;41;;
583;5.10.1997;40;15;16;18;22;25;33;43;;
584;8.10.1997;41;1;10;15;28;29;31;41;;
585;12.10.1997;41;1;15;16;31;35;37;38;;
586;15.10.1997;42;10;12;21;30;34;40;44;;
587;19.10.1997;42;6;13;20;23;26;33;45;;
588;22.10.1997;43;5;7;16;17;20;25;31;;
589;26.10.1997;43;6;9;20;27;42;44;45;;
590;29.10.1997;44;5;6;10;13;15;16;31;;
591;2.11.1997;44;6;7;8;17;24;25;38;;
592;5.11.1997;45;1;2;32;34;38;41;45;;
593;9.11.1997;45;19;20;24;25;36;39;45;;
594;12.11.1997;46;1;2;7;15;17;23;43;;
595;16.11.1997;46;9;15;24;25;28;31;40;;
596;19.11.1997;47;5;10;14;23;26;31;44;;
597;23.11.1997;47;2;9;10;18;19;23;33;;
598;26.11.1997;48;8;15;21;22;26;37;39;;
599;30.11.1997;48;6;26;29;30;37;38;41;;
600;3.12.1997;49;13;16;17;19;21;41;43;;
601;7.12.1997;49;6;21;26;30;38;41;43;;
602;10.12.1997;50;8;11;19;26;32;33;34;;
603;14.12.1997;50;2;22;27;35;40;41;44;;
604;17.12.1997;51;3;6;7;16;18;28;34;;
605;21.12.1997;51;3;11;14;20;26;28;34;;
606;28.12.1997;52;7;9;10;21;23;24;29;;
607;31.12.1997;1;3;9;18;20;25;41;43;;
608;4.1.1998;2;4;7;15;17;18;28;43;;
609;7.1.1998;3;1;4;5;6;10;31;36;;
610;11.1.1998;4;1;9;10;14;33;37;43;;
611;14.1.1998;5;12;18;23;27;28;35;44;;
612;18.1.1998;6;2;4;10;35;36;39;44;;
613;21.1.1998;7;11;15;20;27;28;33;45;;
614;25.1.1998;8;1;10;15;22;29;36;41;;
615;28.1.1998;9;8;9;11;20;25;39;40;;
616;1.2.1998;10;6;12;19;25;27;32;40;;
617;4.2.1998;11;5;12;29;32;34;41;42;;
618;8.2.1998;12;11;17;18;20;27;28;44;;
619;11.2.1998;13;8;10;23;29;39;40;45;;
620;15.2.1998;14;11;13;16;29;30;32;34;;
621;18.2.1998;15;1;10;25;26;34;36;44;;
622;22.2.1998;16;5;10;15;23;26;28;37;;
623;25.2.1998;17;7;9;19;26;32;37;43;;
624;1.3.1998;18;5;11;12;16;20;38;41;;
625;4.3.1998;19;6;19;22;38;39;40;42;;
626;8.3.1998;20;6;7;11;20;21;29;38;;
627;11.3.1998;21;5;15;17;20;26;28;42;;
628;15.3.1998;22;1;2;5;13;16;20;24;;
629;18.3.1998;23;9;12;14;16;30;41;45;;
630;22.3.1998;24;15;17;26;32;34;43;45;;
631;25.3.1998;25;2;4;7;27;30;31;39;;
632;29.3.1998;26;3;8;13;19;21;40;45;;
633;1.4.1998;27;4;9;17;29;31;36;40;;
634;5.4.1998;28;2;9;10;11;19;32;43;;
635;8.4.1998;29;5;10;26;29;30;34;45;;
636;12.4.1998;30;12;15;16;21;28;30;42;;
637;15.4.1998;31;1;2;4;17;24;32;36;;
638;19.4.1998;32;4;8;22;23;26;43;45;;
639;22.4.1998;33;3;4;10;11;15;18;34;;
640;26.4.1998;34;3;6;16;19;23;27;32;;
641;29.4.1998;35;1;10;21;27;39;44;45;;
642;3.5.1998;36;13;16;18;19;20;36;38;;
643;6.5.1998;37;3;16;17;22;24;29;44;;
644;10.5.1998;38;11;13;16;24;25;39;44;;
645;13.5.1998;39;1;2;13;18;31;33;41;;
646;17.5.1998;40;22;24;25;27;30;32;45;;
647;20.5.1998;41;4;10;15;18;38;42;45;;
648;24.5.1998;42;8;13;18;19;24;28;42;;
649;27.5.1998;43;5;12;13;26;27;42;43;;
650;31.5.1998;44;7;11;17;20;29;42;44;;
651;3.6.1998;45;16;23;28;33;39;41;45;;
652;7.6.1998;46;22;23;25;27;36;42;43;;
653;10.6.1998;47;9;17;19;20;26;35;44;;
654;14.6.1998;48;2;6;11;12;19;36;39;;
655;17.6.1998;49;1;31;33;35;37;38;39;;
656;21.6.1998;50;22;23;29;35;40;44;45;;
657;24.6.1998;51;5;15;22;23;37;41;43;;
658;28.6.1998;52;1;3;7;12;38;44;45;;
659;1.7.1998;53;5;7;14;16;17;36;44;;
660;5.7.1998;54;3;9;11;15;26;31;32;;
661;8.7.1998;55;4;7;14;18;20;37;45;;
662;12.7.1998;56;8;11;12;14;23;30;32;;
663;15.7.1998;57;3;8;10;11;14;16;39;;
664;19.7.1998;58;7;17;27;29;34;36;44;;
665;22.7.1998;59;10;21;26;27;38;39;44;;
666;26.7.1998;60;1;22;28;30;31;41;43;;
667;29.7.1998;61;6;8;11;18;30;38;39;;
668;2.8.1998;62;9;10;12;17;28;37;43;;
669;5.8.1998;63;4;18;21;25;26;43;45;;
670;9.8.1998;64;1;4;10;11;13;40;45;;
671;12.8.1998;65;7;14;17;24;29;39;43;;
672;16.8.1998;66;4;15;29;31;39;42;45;;
673;19.8.1998;67;1;6;17;19;20;21;34;;
674;23.8.1998;68;9;10;18;20;31;40;44;;
675;26.8.1998;69;3;9;25;32;34;38;39;;
676;30.8.1998;70;2;9;10;13;17;33;39;;
677;2.9.1998;71;8;32;35;37;39;40;45;;
678;6.9.1998;72;2;11;26;33;37;39;41;;
679;9.9.1998;73;4;8;10;12;18;39;43;;
680;13.9.1998;74;4;8;18;19;24;27;44;;
681;16.9.1998;75;7;10;18;28;31;34;42;;
682;20.9.1998;76;3;14;20;21;41;44;45;;
683;23.9.1998;77;2;6;10;18;21;25;26;;
684;27.9.1998;78;1;16;29;30;35;41;44;;
685;30.9.1998;79;4;10;21;26;27;28;32;;
686;4.10.1998;80;9;16;23;28;30;34;36;;
687;7.10.1998;81;3;17;24;26;27;33;39;;
688;11.10.1998;82;5;7;10;13;25;37;41;;
689;14.10.1998;83;11;19;30;35;36;40;45;;
690;18.10.1998;84;1;7;15;19;22;35;39;;
691;21.10.1998;85;7;9;16;28;34;43;45;;
692;25.10.1998;86;8;12;16;20;25;26;38;;
693;28.10.1998;87;5;26;28;30;32;34;39;;
694;1.11.1998;88;5;14;19;23;37;39;43;;
695;4.11.1998;89;6;9;11;19;35;38;43;;
696;8.11.1998;90;2;5;11;26;27;43;44;;
697;11.11.1998;91;4;9;12;30;36;37;44;;
698;15.11.1998;92;21;23;24;26;30;34;41;;
699;18.11.1998;93;6;14;15;31;34;39;45;;
700;22.11.1998;94;2;9;15;16;19;25;37;;
701;25.11.1998;95;4;8;21;25;29;37;43;;
702;29.11.1998;96;3;19;30;31;33;37;43;;
703;2.12.1998;97;3;12;13;17;35;38;42;;
704;6.12.1998;98;2;7;9;11;16;38;40;;
705;9.12.1998;99;5;6;14;16;19;24;37;;
706;13.12.1998;100;3;6;8;18;32;33;35;;
707;16.12.1998;101;1;6;12;14;23;28;36;;
708;20.12.1998;102;12;13;20;22;23;28;36;;
709;27.12.1998;103;2;5;9;10;12;39;41;;
710;30.12.1998;104;1;9;17;24;26;33;36;;
711;3.1.1999;1;3;19;23;24;28;33;43;;
712;6.1.1999;2;3;8;25;35;36;42;43;;
713;10.1.1999;2;2;6;17;20;29;37;39;;
714;13.1.1999;3;4;10;27;30;31;34;40;;
715;17.1.1999;3;8;17;20;26;32;35;36;;
716;20.1.1999;4;3;9;17;19;24;40;43;;
717;24.1.1999;4;5;21;26;30;36;40;43;;
718;27.1.1999;5;14;24;33;34;35;37;42;;
719;31.1.1999;5;10;22;29;31;35;38;45;;
720;3.2.1999;6;6;7;16;17;24;40;42;;
721;7.2.1999;6;7;8;11;20;25;32;36;;
722;10.2.1999;7;8;9;13;21;23;31;34;;
723;14.2.1999;7;4;7;8;14;19;35;37;;
724;17.2.1999;8;21;27;28;35;37;39;40;;
725;21.2.1999;8;6;13;22;26;33;35;43;;
726;24.2.1999;9;7;10;12;17;21;39;42;;
727;28.2.1999;9;3;8;9;11;15;16;22;;
728;3.3.1999;10;5;8;16;17;29;36;44;;
729;7.3.1999;10;3;4;7;9;11;14;34;;
730;10.3.1999;11;8;10;22;27;32;38;45;;
731;14.3.1999;11;5;8;14;19;24;25;40;;
732;17.3.1999;12;1;20;23;31;39;40;41;;
733;21.3.1999;12;3;4;7;20;22;32;43;;
734;24.3.1999;13;9;16;24;28;35;36;39;;
735;28.3.1999;13;10;14;17;27;33;41;45;;
736;31.3.1999;14;2;3;4;21;28;36;45;;
737;4.4.1999;14;3;15;22;30;32;33;34;;
738;7.4.1999;15;4;15;16;19;23;28;45;;
739;11.4.1999;15;3;7;8;22;32;43;45;;
740;14.4.1999;16;5;8;9;12;14;16;30;;
741;18.4.1999;16;18;21;23;24;27;43;45;;
742;21.4.1999;17;16;22;24;25;27;42;45;;
743;25.4.1999;17;1;10;12;20;38;44;45;;
744;28.4.1999;18;7;11;24;30;31;38;41;;
745;2.5.1999;18;11;12;19;27;32;40;42;;
746;5.5.1999;19;4;6;22;24;30;31;32;;
747;9.5.1999;19;4;17;25;33;34;40;45;;
748;12.5.1999;20;1;11;23;29;30;41;43;;
749;16.5.1999;20;2;27;28;29;37;38;45;;
750;19.5.1999;21;7;12;19;24;25;27;43;;
751;23.5.1999;21;11;14;16;20;25;26;38;;
752;26.5.1999;22;1;11;21;32;35;44;45;;
753;30.5.1999;22;9;15;16;20;27;33;45;;
754;2.6.1999;23;6;7;34;39;40;43;45;;
755;6.6.1999;23;8;17;27;34;35;36;38;;
756;9.6.1999;24;3;6;12;13;21;25;28;;
757;13.6.1999;24;2;10;11;16;20;22;44;;
758;16.6.1999;25;13;14;25;31;35;36;40;;
759;20.6.1999;25;5;8;9;11;17;24;43;;
760;23.6.1999;26;7;26;27;29;37;39;44;;
761;27.6.1999;26;3;13;17;18;28;33;37;;
762;30.6.1999;27;1;2;4;6;7;27;45;;
763;4.7.1999;27;7;9;14;28;29;30;40;;
764;7.7.1999;28;15;19;27;30;38;42;43;;
765;11.7.1999;28;7;13;21;23;34;37;38;;
766;14.7.1999;29;1;3;8;9;11;28;35;;
767;18.7.1999;29;3;5;7;14;32;35;41;;
768;21.7.1999;30;3;4;17;20;21;32;44;;
769;25.7.1999;30;1;2;11;16;26;30;32;;
770;28.7.1999;31;4;8;15;18;21;34;42;;
771;1.8.1999;31;12;16;19;20;36;44;45;;
772;4.8.1999;32;3;6;12;16;21;32;38;;
773;8.8.1999;32;22;33;34;39;40;41;45;;
774;11.8.1999;33;8;14;19;28;30;31;43;;
775;15.8.1999;33;1;6;7;9;11;25;37;;
776;18.8.1999;34;17;25;27;28;31;36;39;;
777;22.8.1999;34;1;9;13;15;19;23;30;;
778;25.8.1999;35;3;7;16;29;41;42;43;;
779;29.8.1999;35;1;5;12;16;37;40;45;;
780;1.9.1999;36;2;10;26;30;36;40;45;;
781;5.9.1999;36;7;21;28;31;32;41;42;;
782;8.9.1999;37;2;6;11;17;19;32;44;;
783;12.9.1999;37;7;9;10;23;27;41;44;;
784;15.9.1999;38;11;21;22;33;35;42;43;;
785;19.9.1999;38;2;12;17;26;27;41;45;;
786;22.9.1999;39;3;11;30;31;32;36;40;;
787;26.9.1999;39;1;10;16;32;35;37;39;;
788;29.9.1999;40;2;5;6;26;38;44;45;;
789;3.10.1999;40;2;11;15;19;24;28;38;;
790;6.10.1999;41;5;14;29;31;34;38;43;;
791;10.10.1999;41;4;21;26;27;33;37;41;;
792;13.10.1999;42;1;12;13;14;23;32;36;;
793;17.10.1999;42;5;6;14;16;22;28;40;;
794;20.10.1999;43;3;10;26;28;32;33;43;;
795;24.10.1999;43;9;10;11;12;18;37;43;;
796;27.10.1999;44;9;15;16;29;32;37;44;;
797;31.10.1999;44;3;14;19;20;28;39;45;;
798;3.11.1999;45;1;2;12;16;27;28;37;;
799;7.11.1999;45;2;21;22;24;28;40;41;;
800;10.11.1999;46;5;14;26;31;34;40;43;;
801;14.11.1999;46;8;14;16;17;21;32;37;;
802;17.11.1999;47;4;15;19;23;25;28;31;;
803;21.11.1999;47;2;6;10;14;16;18;42;;
804;24.11.1999;48;13;15;16;25;30;37;41;;
805;28.11.1999;48;8;9;18;23;24;35;36;;
806;1.12.1999;49;3;12;13;15;17;19;32;;
807;5.12.1999;49;1;13;18;32;37;38;42;;
808;8.12.1999;50;1;5;22;32;35;37;44;;
809;12.12.1999;50;12;14;16;20;28;40;42;;
810;15.12.1999;51;4;9;15;16;31;35;37;;
811;19.12.1999;51;7;26;30;36;37;38;41;;
812;22.12.1999;52;7;12;31;37;40;42;43;;
813;26.12.1999;52;6;13;24;33;34;37;38;;
814;29.12.1999;53;1;3;24;36;39;40;42;;
815;2.1.2000;53;3;9;21;38;39;41;42;;
816;5.1.2000;1;3;19;23;24;28;33;43;;
817;9.1.2000;1;3;8;25;35;36;42;43;;
818;12.1.2000;2;2;6;17;20;29;37;39;;
819;16.1.2000;2;4;10;27;30;31;34;40;;
820;19.1.2000;3;8;17;20;26;32;35;36;;
821;23.1.2000;3;3;9;17;19;24;40;43;;
822;26.1.2000;4;5;21;26;30;36;40;43;;
823;30.1.2000;4;14;24;33;34;35;37;42;;
824;2.2.2000;5;10;22;29;31;35;38;45;;
825;6.2.2000;5;6;7;16;17;24;40;42;;
826;9.2.2000;6;7;8;11;20;25;32;36;;
827;13.2.2000;6;8;9;13;21;23;31;34;;
828;16.2.2000;7;4;7;8;14;19;35;37;;
829;20.2.2000;7;21;27;28;35;37;39;40;;
830;23.2.2000;8;6;13;22;26;33;35;43;;
831;27.2.2000;8;7;10;12;17;21;39;42;;
832;1.3.2000;9;3;8;9;11;15;16;22;;
833;5.3.2000;9;5;8;16;17;29;36;44;;
834;8.3.2000;10;3;4;7;9;11;14;34;;
835;12.3.2000;10;8;10;22;27;32;38;45;;
836;15.3.2000;11;5;8;14;19;24;25;40;;
837;19.3.2000;11;1;20;23;31;39;40;41;;
838;22.3.2000;12;3;4;7;20;22;32;43;;
839;26.3.2000;12;9;16;24;28;35;36;39;;
840;29.3.2000;13;10;14;17;27;33;41;45;;
841;2.4.2000;13;2;3;4;21;28;36;45;;
842;5.4.2000;14;3;15;22;30;32;33;34;;
843;9.4.2000;14;4;15;16;19;23;28;45;;
844;12.4.2000;15;3;7;8;22;32;43;45;;
845;16.4.2000;15;5;8;9;12;14;16;30;;
846;19.4.2000;16;18;21;23;24;27;43;45;;
847;23.4.2000;16;16;22;24;25;27;42;45;;
848;26.4.2000;17;1;10;12;20;38;44;45;;
849;30.4.2000;17;7;11;24;30;31;38;41;;
850;3.5.2000;18;11;12;19;27;32;40;42;;
851;7.5.2000;18;4;6;22;24;30;31;32;;
852;10.5.2000;19;4;17;25;33;34;40;45;;
853;14.5.2000;19;1;11;23;29;30;41;43;;
854;17.5.2000;20;2;27;28;29;37;38;45;;
855;21.5.2000;20;7;12;19;24;25;27;43;;
856;24.5.2000;21;11;14;16;20;25;26;38;;
857;28.5.2000;21;1;11;21;32;35;44;45;;
858;31.5.2000;22;9;15;16;20;27;33;45;;
859;4.6.2000;22;6;7;34;39;40;43;45;;
860;7.6.2000;23;8;17;27;34;35;36;38;;
861;11.6.2000;23;3;6;12;13;21;25;28;;
862;14.6.2000;24;2;10;11;16;20;22;44;;
863;18.6.2000;24;13;14;25;31;35;36;40;;
864;21.6.2000;25;5;8;9;11;17;24;43;;
865;25.6.2000;25;7;26;27;29;37;39;44;;
866;28.6.2000;26;3;13;17;18;28;33;37;;
867;2.7.2000;26;1;2;4;6;7;27;45;;
868;5.7.2000;27;7;9;14;28;29;30;40;;
869;9.7.2000;27;15;19;27;30;38;42;43;;
870;12.7.2000;28;7;13;21;23;34;37;38;;
871;16.7.2000;28;1;3;8;9;11;28;35;;
872;19.7.2000;29;3;5;7;14;32;35;41;;
873;23.7.2000;29;3;4;17;20;21;32;44;;
874;26.7.2000;30;1;2;11;16;26;30;32;;
875;30.7.2000;30;4;8;15;18;21;34;42;;
876;2.8.2000;31;12;16;19;20;36;44;45;;
877;6.8.2000;31;3;6;12;16;21;32;38;;
878;9.8.2000;32;22;33;34;39;40;41;45;;
879;13.8.2000;32;8;14;19;28;30;31;43;;
880;16.8.2000;33;1;6;7;9;11;25;37;;
881;20.8.2000;33;17;25;27;28;31;36;39;;
882;23.8.2000;34;1;9;13;15;19;23;30;;
883;27.8.2000;34;3;7;16;29;41;42;43;;
884;30.8.2000;35;1;5;12;16;37;40;45;;
885;3.9.2000;35;2;10;26;30;36;40;45;;
886;6.9.2000;36;7;21;28;31;32;41;42;;
887;10.9.2000;36;2;6;11;17;19;32;44;;
888;13.9.2000;37;7;9;10;23;27;41;44;;
889;17.9.2000;37;11;21;22;33;35;42;43;;
890;20.9.2000;38;2;12;17;26;27;41;45;;
891;24.9.2000;38;3;11;30;31;32;36;40;;
892;27.9.2000;39;1;10;16;32;35;37;39;;
893;1.10.2000;39;2;5;6;26;38;44;45;;
894;4.10.2000;40;2;11;15;19;24;28;38;;
895;8.10.2000;40;5;14;29;31;34;38;43;;
896;11.10.2000;41;4;21;26;27;33;37;41;;
897;15.10.2000;41;1;12;13;14;23;32;36;;
898;18.10.2000;42;5;6;14;16;22;28;40;;
899;22.10.2000;42;3;10;26;28;32;33;43;;
900;25.10.2000;43;9;10;11;12;18;37;43;;
901;29.10.2000;43;9;15;16;29;32;37;44;;
902;1.11.2000;44;3;14;19;20;28;39;45;;
903;5.11.2000;44;1;2;12;16;27;28;37;;
904;8.11.2000;45;2;21;22;24;28;40;41;;
905;12.11.2000;45;5;14;26;31;34;40;43;;
906;15.11.2000;46;8;14;16;17;21;32;37;;
907;19.11.2000;46;4;15;19;23;25;28;31;;
908;22.11.2000;47;2;6;10;14;16;18;42;;
909;26.11.2000;47;13;15;16;25;30;37;41;;
910;29.11.2000;48;8;9;18;23;24;35;36;;
911;3.12.2000;48;3;12;13;15;17;19;32;;
912;6.12.2000;49;1;13;18;32;37;38;42;;
913;10.12.2000;49;1;5;22;32;35;37;44;;
914;13.12.2000;50;12;14;16;20;28;40;42;;
915;17.12.2000;50;4;9;15;16;31;35;37;;
916;20.12.2000;51;7;26;30;36;37;38;41;;
917;23.12.2000;51;7;12;31;37;40;42;43;;
918;27.12.2000;52;6;13;24;33;34;37;38;;
919;31.12.2000;52;1;3;24;36;39;40;42;;
920;3.1.2001;1;4;7;24;26;37;39;44;;
921;7.1.2001;1;8;29;31;35;37;40;41;;
922;10.1.2001;2;9;16;18;20;23;26;29;;
923;14.1.2001;2;19;24;27;30;32;38;44;;
924;17.1.2001;3;1;5;15;29;30;36;45;;
925;21.1.2001;3;2;7;14;21;26;30;32;;
926;24.1.2001;4;15;20;24;35;38;39;41;;
927;28.1.2001;4;3;7;11;15;34;37;42;;
928;31.1.2001;5;1;26;30;32;37;39;42;;
929;4.2.2001;5;4;10;12;18;20;29;43;;
930;7.2.2001;6;5;8;10;15;27;30;31;;
931;11.2.2001;6;6;8;10;11;12;23;35;;
932;14.2.2001;7;3;16;17;25;36;38;41;;
933;18.2.2001;7;1;2;5;7;8;28;37;;
934;21.2.2001;8;1;2;6;8;12;16;33;;
935;25.2.2001;8;4;13;20;22;29;38;41;;
936;28.2.2001;9;2;3;11;18;24;32;43;;
937;4.3.2001;9;6;7;8;29;38;39;41;;
938;7.3.2001;10;8;15;24;30;32;38;44;;
939;11.3.2001;10;1;2;7;25;28;32;38;;
940;14.3.2001;11;5;18;20;25;27;29;30;;
941;18.3.2001;11;2;13;20;30;33;37;38;;
942;21.3.2001;12;5;10;13;22;33;38;41;;
943;25.3.2001;12;12;23;24;27;29;42;44;;
944;28.3.2001;13;5;6;7;15;30;36;40;;
945;1.4.2001;13;1;13;22;28;33;37;41;;
946;4.4.2001;14;1;4;7;14;40;41;44;;
947;8.4.2001;14;1;4;7;8;12;26;27;;
948;11.4.2001;15;4;5;20;24;27;29;44;;
949;15.4.2001;15;9;11;14;34;40;42;45;;
950;18.4.2001;16;2;10;15;18;21;37;44;;
951;22.4.2001;16;4;14;18;19;22;41;44;;
952;25.4.2001;17;1;11;17;19;22;34;36;;
953;29.4.2001;17;2;8;15;25;28;29;37;;
954;2.5.2001;18;10;18;19;27;33;39;45;;
955;6.5.2001;18;6;27;30;34;35;39;43;;
956;9.5.2001;19;9;10;11;30;32;35;39;;
957;13.5.2001;19;3;11;19;28;29;37;44;;
958;16.5.2001;20;6;8;10;27;29;37;45;;
959;20.5.2001;20;2;23;31;33;37;40;43;;
960;23.5.2001;21;6;16;20;23;31;40;41;;
961;27.5.2001;21;3;22;23;32;35;36;45;;
962;30.5.2001;22;4;7;9;22;25;29;34;;
963;3.6.2001;22;1;6;15;19;29;32;38;;
964;6.6.2001;23;3;6;11;17;19;41;42;;
965;10.6.2001;23;1;3;5;6;10;13;43;;
966;13.6.2001;24;9;11;20;28;30;42;43;;
967;17.6.2001;24;3;6;17;24;25;37;41;;
968;20.6.2001;25;6;20;23;24;29;32;41;;
969;24.6.2001;25;4;17;23;27;31;38;41;;
970;27.6.2001;26;3;16;28;32;38;39;43;;
971;1.7.2001;26;7;8;15;19;31;34;44;;
972;4.7.2001;27;4;7;15;16;17;24;45;;
973;8.7.2001;27;13;18;23;24;36;39;44;;
974;11.7.2001;28;5;21;23;29;40;41;42;;
975;15.7.2001;28;2;5;6;8;11;27;36;;
976;18.7.2001;29;7;16;20;33;36;37;43;;
977;22.7.2001;29;2;12;20;25;27;40;44;;
978;25.7.2001;30;13;21;23;33;38;42;45;;
979;29.7.2001;30;2;12;18;21;23;37;43;;
980;1.8.2001;31;6;11;18;25;32;35;45;;
981;5.8.2001;31;7;11;18;20;32;35;37;;
982;8.8.2001;32;1;2;17;18;24;33;38;;
983;12.8.2001;32;6;16;20;31;32;33;43;;
984;15.8.2001;33;2;6;14;27;29;31;41;;
985;19.8.2001;33;10;14;20;26;30;36;42;;
986;22.8.2001;34;8;14;18;28;30;33;36;;
987;26.8.2001;34;2;8;20;21;39;43;45;;
988;29.8.2001;35;11;23;24;28;33;39;41;;
989;2.9.2001;35;5;15;26;28;40;41;45;;
990;5.9.2001;36;4;9;20;25;38;42;43;;
991;9.9.2001;36;9;12;15;16;20;26;29;;
992;12.9.2001;37;3;5;6;14;24;29;42;;
993;16.9.2001;37;11;13;15;18;21;23;27;;
994;19.9.2001;38;7;10;15;27;31;35;41;;
995;23.9.2001;38;5;7;13;15;33;35;40;;
996;26.9.2001;39;7;18;27;34;35;36;43;;
997;30.9.2001;39;2;4;5;13;17;28;36;;
998;3.10.2001;40;1;9;11;13;17;23;24;;
999;7.10.2001;40;4;6;14;18;30;34;35;;
1000;10.10.2001;41;8;18;20;24;31;33;43;;
1001;14.10.2001;41;3;6;26;31;32;35;38;;
1002;17.10.2001;42;3;11;12;25;26;27;44;;
1003;21.10.2001;42;7;9;12;20;29;41;42;;
1004;24.10.2001;43;13;16;18;27;31;37;44;;
1005;28.10.2001;43;14;18;31;33;36;37;39;;
1006;31.10.2001;44;2;10;14;21;26;31;34;;
1007;4.11.2001;44;11;12;31;37;40;41;43;;
1008;7.11.2001;45;15;17;23;30;37;40;42;;
1009;11.11.2001;45;8;9;19;20;21;31;35;;
1010;14.11.2001;46;8;9;15;16;36;38;42;;
1011;18.11.2001;46;7;11;24;25;26;30;44;;
1012;21.11.2001;47;8;17;22;31;35;41;44;;
1013;25.11.2001;47;5;10;13;15;21;36;37;;
1014;28.11.2001;48;2;8;20;22;27;30;31;;
1015;2.12.2001;48;4;17;19;31;35;43;44;;
1016;5.12.2001;49;8;11;17;18;32;33;42;;
1017;9.12.2001;49;3;6;7;23;32;35;40;;
1018;12.12.2001;50;8;16;17;24;28;37;38;;
1019;16.12.2001;50;2;3;5;8;19;24;44;;
1020;19.12.2001;51;2;5;18;24;26;38;40;;
1021;23.12.2001;51;3;7;12;16;24;30;34;;
1022;26.12.2001;52;1;14;17;19;25;29;31;;
1023;29.12.2001;52;6;10;11;21;31;37;40;;
1024;2.1.2002;1;3;7;23;24;33;36;39;;
1025;6.1.2002;1;13;20;25;28;30;39;43;;
1026;9.1.2002;2;10;17;29;33;39;42;43;;
1027;13.1.2002;2;4;5;10;30;33;35;42;;
1028;16.1.2002;3;4;21;26;28;35;39;43;;
1029;20.1.2002;3;3;4;20;29;34;36;42;;
1030;23.1.2002;4;6;14;15;20;21;26;37;;
1031;27.1.2002;4;3;6;13;30;36;38;39;;
1032;30.1.2002;5;1;14;24;25;26;32;39;;
1033;3.2.2002;5;18;21;25;32;37;40;43;;
1034;6.2.2002;6;1;2;3;6;16;29;39;;
1035;10.2.2002;6;8;14;24;25;32;36;43;;
1036;13.2.2002;7;1;13;19;27;30;39;45;;
1037;17.2.2002;7;1;6;14;18;25;37;39;;
1038;20.2.2002;8;11;16;24;31;39;43;44;;
1039;24.2.2002;8;10;12;17;27;34;42;45;;
1040;27.2.2002;9;1;2;7;10;39;42;45;;
1041;3.3.2002;9;2;3;7;14;37;41;42;;
1042;6.3.2002;10;2;3;13;23;30;34;45;;
1043;10.3.2002;10;5;9;21;25;28;37;44;;
1044;13.3.2002;11;5;8;22;29;32;34;43;;
1045;17.3.2002;11;4;10;12;18;27;37;41;;
1046;20.3.2002;12;16;29;32;37;38;41;43;;
1047;24.3.2002;12;1;3;13;32;34;36;37;;
1048;27.3.2002;13;4;7;8;20;23;34;39;;
1049;31.3.2002;13;6;18;30;33;36;37;38;;
1050;3.4.2002;14;16;22;30;36;38;41;44;;
1051;7.4.2002;14;1;11;22;31;36;42;43;;
1052;10.4.2002;15;3;8;15;26;30;33;44;;
1053;14.4.2002;15;2;4;5;10;13;20;23;;
1054;17.4.2002;16;1;18;19;21;22;26;39;;
1055;21.4.2002;16;5;8;16;19;24;34;44;;
1056;24.4.2002;17;3;9;14;17;20;35;44;;
1057;28.4.2002;17;5;8;11;13;22;28;42;;
1058;1.5.2002;18;3;16;22;32;36;43;44;;
1059;5.5.2002;18;11;13;14;19;21;28;33;;
1060;8.5.2002;19;3;5;15;27;31;39;42;;
1061;12.5.2002;19;8;12;16;18;39;42;43;;
1062;15.5.2002;20;5;9;11;39;40;43;44;;
1063;19.5.2002;20;2;8;10;19;21;27;34;;
1064;22.5.2002;21;8;10;11;23;29;31;33;;
1065;26.5.2002;21;3;18;21;30;32;40;41;;
1066;29.5.2002;22;8;16;24;25;26;32;45;;
1067;2.6.2002;22;5;7;14;18;27;36;40;;
1068;5.6.2002;23;1;6;7;20;34;36;39;;
1069;9.6.2002;23;14;15;20;30;33;36;44;;
1070;12.6.2002;24;3;10;14;19;21;25;43;;
1071;16.6.2002;24;2;4;10;24;36;39;44;;
1072;19.6.2002;25;5;8;9;20;28;37;38;;
1073;23.6.2002;25;2;3;4;18;23;26;35;;
1074;26.6.2002;26;1;3;10;15;25;29;43;;
1075;30.6.2002;26;7;22;25;26;30;31;44;;
1076;3.7.2002;27;2;9;10;15;35;38;45;;
1077;7.7.2002;27;4;12;25;37;40;42;45;;
1078;10.7.2002;28;5;8;14;25;31;34;36;;
1079;14.7.2002;28;3;12;24;25;27;30;33;;
1080;17.7.2002;29;6;10;13;23;24;30;31;;
1081;21.7.2002;29;7;15;20;22;36;38;39;;
1082;24.7.2002;30;4;14;22;27;31;36;41;;
1083;28.7.2002;30;5;8;17;18;33;40;43;;
1084;31.7.2002;31;1;8;18;22;23;24;40;;
1085;4.8.2002;31;1;5;14;15;19;39;45;;
1086;7.8.2002;32;1;3;14;26;28;40;44;;
1087;11.8.2002;32;11;13;16;20;22;23;28;;
1088;14.8.2002;33;10;14;27;28;41;43;44;;
1089;18.8.2002;33;3;7;13;15;24;26;39;;
1090;21.8.2002;34;1;8;11;14;25;42;44;;
1091;25.8.2002;34;12;14;18;20;26;34;42;;
1092;28.8.2002;35;3;5;11;14;19;30;40;;
1093;1.9.2002;35;4;9;11;13;14;35;45;;
1094;4.9.2002;36;1;3;12;15;18;20;21;;
1095;8.9.2002;36;7;14;26;31;33;37;42;;
1096;11.9.2002;37;2;18;23;29;31;32;36;;
1097;15.9.2002;37;14;31;35;36;39;40;45;;
1098;18.9.2002;38;6;22;25;31;34;41;43;;
1099;22.9.2002;38;3;6;17;27;30;31;38;;
1100;25.9.2002;39;9;23;27;28;32;33;41;;
1101;29.9.2002;39;3;5;11;20;26;32;37;;
1102;2.10.2002;40;4;5;10;13;14;27;41;;
1103;6.10.2002;40;5;11;15;17;24;31;34;;
1104;9.10.2002;41;1;10;25;26;27;39;45;;
1105;13.10.2002;41;12;20;22;23;28;32;44;;
1106;16.10.2002;42;3;7;17;19;35;36;42;;
1107;20.10.2002;42;11;13;19;21;23;25;38;;
1108;23.10.2002;43;3;12;15;25;38;43;44;;
1109;27.10.2002;43;7;9;25;27;32;38;43;;
1110;30.10.2002;44;3;12;15;23;29;34;37;;
1111;3.11.2002;44;1;12;13;19;26;32;42;;
1112;6.11.2002;45;5;8;12;15;17;31;33;;
1113;10.11.2002;45;1;4;10;17;18;19;20;;
1114;13.11.2002;46;1;3;14;29;36;41;44;;
1115;17.11.2002;46;2;11;16;17;26;31;40;;
1116;20.11.2002;47;8;12;22;37;41;44;45;;
1117;24.11.2002;47;3;4;10;21;32;33;45;;
1118;27.11.2002;48;1;2;9;12;17;27;39;;
1119;1.12.2002;48;2;9;12;13;20;22;23;;
1120;4.12.2002;49;1;5;12;19;20;25;35;;
1121;8.12.2002;49;3;12;17;19;38;43;45;;
1122;11.12.2002;50;2;7;8;11;18;32;36;;
1123;15.12.2002;50;2;5;7;10;18;21;37;;
1124;18.12.2002;51;9;11;23;26;36;43;45;;
1125;22.12.2002;51;1;4;13;19;28;34;45;;
1126;25.12.2002;52;4;23;34;39;40;41;42;;
1127;29.12.2002;52;6;12;14;17;21;24;33;;
1128;1.1.2003;1;6;7;13;15;23;33;42;;
1129;5.1.2003;1;5;8;13;19;25;40;41;;
1130;8.1.2003;2;7;10;12;13;22;34;43;;
1131;12.1.2003;2;2;7;12;25;27;40;42;;
1132;15.1.2003;3;1;12;14;16;24;31;34;;
1133;19.1.2003;3;8;13;25;28;32;34;39;;
1134;22.1.2003;4;8;10;18;20;23;38;41;;
1135;26.1.2003;4;2;17;18;29;38;40;44;;
1136;29.1.2003;5;6;7;12;18;24;30;43;;
1137;2.2.2003;5;2;3;13;15;30;36;37;;
1138;5.2.2003;6;3;7;9;14;18;28;30;;
1139;9.2.2003;6;17;19;24;27;31;40;45;;
1140;12.2.2003;7;4;11;24;33;34;39;41;;
1141;16.2.2003;7;7;8;9;12;19;25;38;;
1142;19.2.2003;8;2;5;11;19;29;40;44;;
1143;23.2.2003;8;4;11;22;27;31;34;40;;
1144;26.2.2003;9;13;15;22;27;33;36;44;;
1145;2.3.2003;9;10;18;19;28;29;35;44;;
1146;5.3.2003;10;8;9;12;15;19;28;32;;
1147;9.3.2003;10;21;24;30;31;35;36;40;;
1148;12.3.2003;11;2;3;6;24;25;26;34;;
1149;16.3.2003;11;6;11;13;15;16;26;35;;
1150;19.3.2003;12;4;9;10;16;26;36;41;;
1151;23.3.2003;12;6;20;27;37;38;42;43;;
1152;26.3.2003;13;17;26;29;36;37;43;44;;
1153;30.3.2003;13;3;9;16;17;38;39;45;;
1154;2.4.2003;14;5;6;14;22;23;25;44;;
1155;6.4.2003;14;10;14;17;27;31;37;38;;
1156;9.4.2003;15;6;16;18;19;23;33;36;;
1157;13.4.2003;15;7;9;12;17;20;24;38;;
1158;16.4.2003;16;3;6;20;30;40;41;43;;
1159;20.4.2003;16;7;9;11;31;34;38;40;;
1160;23.4.2003;17;14;15;16;33;35;38;39;;
1161;27.4.2003;17;9;16;28;29;32;37;42;;
1162;30.4.2003;18;11;17;20;26;36;38;44;;
1163;4.5.2003;18;23;25;34;36;37;42;43;;
1164;7.5.2003;19;3;16;32;34;36;43;45;;
1165;11.5.2003;19;21;22;23;34;39;40;41;;
1166;14.5.2003;20;4;5;8;9;28;35;38;;
1167;18.5.2003;20;2;7;8;9;16;29;31;;
1168;21.5.2003;21;5;14;15;23;24;26;45;;
1169;25.5.2003;21;3;7;21;23;31;33;41;;
1170;28.5.2003;22;1;20;29;30;33;43;44;;
1171;1.6.2003;22;1;15;29;31;32;37;42;;
1172;4.6.2003;23;3;23;24;26;32;39;43;;
1173;8.6.2003;23;11;17;19;22;31;41;44;;
1174;11.6.2003;24;10;18;19;21;23;37;41;;
1175;15.6.2003;24;2;13;14;19;26;28;42;;
1176;18.6.2003;25;12;13;19;28;29;32;37;;
1177;22.6.2003;25;2;16;23;24;29;31;43;;
1178;25.6.2003;26;15;19;26;29;30;34;39;;
1179;29.6.2003;26;6;17;19;25;29;32;42;;
1180;2.7.2003;27;11;12;14;17;25;32;40;;
1181;6.7.2003;27;4;32;41;42;43;44;45;;
1182;9.7.2003;28;13;17;21;32;39;40;43;;
1183;13.7.2003;28;2;12;13;37;39;42;44;;
1184;16.7.2003;29;6;8;17;23;25;39;45;;
1185;20.7.2003;29;1;7;10;15;21;34;39;;
1186;23.7.2003;30;5;7;8;10;25;32;37;;
1187;27.7.2003;30;3;13;23;24;25;30;44;;
1188;30.7.2003;31;7;9;13;19;27;32;36;;
1189;3.8.2003;31;2;10;26;28;29;39;42;;
1190;6.8.2003;32;7;15;16;23;29;34;45;;
1191;10.8.2003;32;2;9;14;22;24;26;30;;
1192;13.8.2003;33;7;9;10;21;30;38;43;;
1193;17.8.2003;33;1;6;7;18;26;27;42;;
1194;20.8.2003;34;3;11;12;15;22;25;38;;
1195;24.8.2003;34;4;5;8;10;16;29;33;;
1196;27.8.2003;35;1;21;22;32;37;39;41;;
1197;31.8.2003;35;6;14;17;19;25;27;33;;
1198;3.9.2003;36;2;3;6;22;29;33;44;;
1199;7.9.2003;36;3;9;15;29;34;38;41;;
1200;10.9.2003;37;7;22;32;34;37;38;45;;
1201;14.9.2003;37;4;9;11;14;24;28;44;;
1202;17.9.2003;38;1;8;14;16;40;42;43;;
1203;21.9.2003;38;3;5;13;21;30;37;44;;
1204;24.9.2003;39;10;17;21;28;31;33;42;;
1205;28.9.2003;39;3;15;17;35;39;40;44;;
1206;1.10.2003;40;2;4;13;15;27;42;43;;
1207;5.10.2003;40;7;8;9;18;29;43;44;;
1208;8.10.2003;41;2;17;19;22;27;30;40;;
1209;12.10.2003;41;1;11;21;29;32;42;44;;
1210;15.10.2003;42;9;11;13;25;31;36;38;;
1211;19.10.2003;42;1;6;25;26;27;30;33;;
1212;22.10.2003;43;5;7;25;31;34;40;45;;
1213;26.10.2003;43;13;14;19;22;26;44;45;;
1214;29.10.2003;44;16;17;23;26;33;38;41;;
1215;2.11.2003;44;3;15;27;29;31;34;35;;
1216;5.11.2003;45;17;27;29;30;34;35;37;;
1217;9.11.2003;45;16;22;26;30;34;35;39;;
1218;12.11.2003;46;7;10;11;15;19;27;35;;
1219;16.11.2003;46;6;9;14;20;24;26;28;;
1220;19.11.2003;47;16;25;27;28;29;34;42;;
1221;23.11.2003;47;6;11;12;13;15;28;44;;
1222;26.11.2003;48;7;26;27;34;35;38;43;;
1223;30.11.2003;48;2;3;8;13;21;37;41;;
1224;3.12.2003;49;8;14;15;18;20;30;35;;
1225;7.12.2003;49;4;16;22;28;34;43;44;;
1226;10.12.2003;50;2;15;16;28;36;41;43;;
1227;14.12.2003;50;7;13;21;23;24;42;44;;
1228;17.12.2003;51;2;19;21;25;30;32;33;;
1229;21.12.2003;51;3;7;21;24;26;28;37;;
1230;25.12.2003;52;10;17;18;25;30;32;36;;
1231;28.12.2003;52;7;9;24;25;30;37;44;;
1232;31.12.2003;53;1;6;7;10;14;20;38;;
1233;4.1.2004;1;25;26;27;36;41;43;45;;
1234;7.1.2004;2;6;13;20;27;41;42;45;;
1235;11.1.2004;2;8;13;14;17;19;23;43;;
1236;14.1.2004;3;2;4;6;26;31;37;43;;
1237;18.1.2004;3;3;14;17;22;25;33;45;;
1238;21.1.2004;4;6;10;14;19;26;39;41;;
1239;25.1.2004;4;15;18;24;34;38;43;45;;
1240;28.1.2004;5;5;9;12;18;32;33;39;;
1241;1.2.2004;5;6;18;23;27;31;33;36;;
1242;4.2.2004;6;7;15;26;31;34;35;43;;
1243;8.2.2004;6;2;8;17;26;31;37;40;;
1244;11.2.2004;7;7;8;29;33;34;35;40;;
1245;15.2.2004;7;3;11;14;18;26;35;36;;
1246;18.2.2004;8;13;23;25;31;34;35;41;;
1247;22.2.2004;8;7;16;28;33;34;35;40;;
1248;25.2.2004;9;20;25;27;29;36;39;41;;
1249;29.2.2004;9;5;8;13;20;23;37;43;;
1250;3.3.2004;10;6;11;15;18;23;29;30;;
1251;7.3.2004;10;6;12;22;33;37;39;41;;
1252;10.3.2004;11;3;6;12;21;22;34;37;;
1253;14.3.2004;11;2;5;9;17;19;36;41;;
1254;17.3.2004;12;3;6;7;20;29;38;40;;
1255;21.3.2004;12;11;12;21;24;32;41;45;;
1256;24.3.2004;13;2;5;16;23;24;37;43;;
1257;28.3.2004;13;13;22;24;25;29;41;42;;
1258;31.3.2004;14;8;12;15;16;17;34;38;;
1259;4.4.2004;14;10;13;19;29;32;41;42;;
1260;7.4.2004;15;4;17;21;23;30;35;42;;
1261;11.4.2004;15;6;17;21;24;25;29;41;;
1262;14.4.2004;16;10;17;22;26;27;30;34;;
1263;18.4.2004;16;1;4;13;17;24;30;32;;
1264;21.4.2004;17;14;15;24;25;31;33;44;;
1265;25.4.2004;17;2;6;18;23;29;39;40;;
1266;28.4.2004;18;4;6;9;23;25;31;43;;
1267;2.5.2004;18;12;17;18;28;39;40;45;;
1268;5.5.2004;19;10;17;18;23;25;30;37;;
1269;9.5.2004;19;5;10;22;23;26;27;35;;
1270;12.5.2004;20;5;18;25;26;34;38;41;;
1271;16.5.2004;20;1;6;8;11;18;40;42;;
1272;19.5.2004;21;5;11;16;21;26;32;43;;
1273;23.5.2004;21;2;4;5;27;32;37;44;;
1274;26.5.2004;22;6;20;26;27;30;40;45;;
1275;30.5.2004;22;5;8;11;13;20;34;38;;
1276;2.6.2004;23;1;4;7;9;13;27;44;;
1277;6.6.2004;23;4;9;15;17;18;22;36;;
1278;9.6.2004;24;4;27;29;35;37;39;45;;
1279;13.6.2004;24;1;5;8;11;37;44;45;;
1280;16.6.2004;25;20;23;28;31;35;40;43;;
1281;20.6.2004;25;9;15;16;27;32;38;44;;
1282;23.6.2004;26;3;8;20;21;27;38;42;;
1283;27.6.2004;26;5;20;22;32;37;38;42;;
1284;30.6.2004;27;5;6;17;25;27;29;35;;
1285;4.7.2004;27;2;15;19;20;32;35;45;;
1286;7.7.2004;28;2;16;21;23;30;31;40;;
1287;11.7.2004;28;1;5;6;12;23;27;45;;
1288;14.7.2004;29;5;18;22;24;25;28;31;;
1289;18.7.2004;29;1;9;17;22;26;40;43;;
1290;21.7.2004;30;3;4;5;7;9;33;38;;
1291;25.7.2004;30;14;23;24;28;35;41;42;;
1292;28.7.2004;31;2;10;26;30;31;35;45;;
1293;1.8.2004;31;12;13;17;19;22;30;44;;
1294;4.8.2004;32;4;16;21;25;34;36;42;;
1295;8.8.2004;32;3;8;23;26;35;43;44;;
1296;11.8.2004;33;3;9;13;20;21;23;44;;
1297;15.8.2004;33;9;24;25;34;36;42;45;;
1298;18.8.2004;34;1;7;9;14;27;29;38;;
1299;22.8.2004;34;6;9;11;13;32;34;39;;
1300;25.8.2004;35;5;15;32;37;42;43;45;;
1301;29.8.2004;35;7;8;13;17;28;38;44;;
1302;1.9.2004;36;1;10;18;22;24;40;42;;
1303;5.9.2004;36;3;9;20;25;28;40;44;;
1304;8.9.2004;37;3;5;17;23;27;34;43;;
1305;12.9.2004;37;7;8;17;22;24;29;44;;
1306;15.9.2004;38;8;10;15;17;20;28;30;;
1307;19.9.2004;38;17;18;19;23;27;29;32;;
1308;22.9.2004;39;2;8;9;23;35;41;44;;
1309;26.9.2004;39;3;8;15;22;24;25;28;;
1310;29.9.2004;40;5;7;20;28;29;34;38;;
1311;3.10.2004;40;2;25;29;32;41;42;45;;
1312;6.10.2004;41;9;12;20;27;38;42;43;;
1313;10.10.2004;41;23;24;31;38;40;42;45;;
1314;13.10.2004;42;3;12;25;33;41;43;45;;
1315;17.10.2004;42;1;4;14;29;32;41;42;;
1316;20.10.2004;43;5;20;25;29;34;39;42;;
1317;24.10.2004;43;2;7;8;17;26;33;42;;
1318;27.10.2004;44;5;7;22;25;39;40;45;;
1319;31.10.2004;44;7;15;19;35;37;38;40;;
1320;3.11.2004;45;7;10;14;20;34;38;42;;
1321;7.11.2004;45;2;14;27;31;36;39;41;;
1322;10.11.2004;46;8;16;18;33;34;36;40;;
1323;14.11.2004;46;7;12;15;18;31;36;42;;
1324;17.11.2004;47;3;20;21;33;36;40;43;;
1325;21.11.2004;47;2;4;17;18;37;39;44;;
1326;24.11.2004;48;1;2;12;13;25;36;41;;
1327;28.11.2004;48;5;6;15;31;32;39;45;;
1328;1.12.2004;49;2;11;17;20;24;27;28;;
1329;5.12.2004;49;12;13;24;26;35;43;45;;
1330;8.12.2004;50;3;12;13;16;17;18;27;;
1331;12.12.2004;50;4;15;20;29;31;35;41;;
1332;15.12.2004;51;3;7;9;20;24;29;43;;
1333;19.12.2004;51;9;15;17;20;35;36;44;;
1334;22.12.2004;52;5;11;16;32;33;36;43;;
1335;26.12.2004;52;8;12;13;20;25;30;37;;
1336;29.12.2004;53;4;13;14;27;31;35;41;;
1337;2.1.2005;53;1;3;27;30;36;39;42;;
1338;5.1.2005;1;2;3;6;10;14;27;32;;
1339;9.1.2005;1;5;15;23;24;29;32;35;;
1340;12.1.2005;2;2;5;13;17;30;42;45;;
1341;16.1.2005;2;3;8;11;34;38;41;44;;
1342;19.1.2005;3;2;9;10;12;23;34;40;;
1343;23.1.2005;3;9;14;15;20;25;31;40;;
1344;26.1.2005;4;22;24;35;36;39;40;42;;
1345;30.1.2005;4;5;7;8;13;18;36;42;;
1346;2.2.2005;5;1;6;10;14;19;26;35;;
1347;6.2.2005;5;2;3;21;22;27;33;37;;
1348;9.2.2005;6;5;11;19;20;21;25;43;;
1349;13.2.2005;6;3;8;11;16;21;32;36;;
1350;16.2.2005;7;5;13;17;22;38;39;40;;
1351;20.2.2005;7;5;8;9;17;24;31;37;;
1352;23.2.2005;8;11;18;23;27;29;33;39;;
1353;27.2.2005;8;6;11;14;27;32;38;44;;
1354;2.3.2005;9;17;25;29;35;38;40;44;;
1355;6.3.2005;9;12;14;15;16;23;32;37;;
1356;9.3.2005;10;6;11;14;20;27;30;43;;
1357;13.3.2005;10;11;19;21;35;38;39;44;;
1358;16.3.2005;11;9;10;11;12;17;40;42;;
1359;20.3.2005;11;3;5;22;27;29;40;41;;
1360;23.3.2005;12;5;9;16;24;33;39;41;;
1361;27.3.2005;12;15;27;34;35;38;39;41;;
1362;30.3.2005;13;12;15;19;24;27;29;43;;
1363;3.4.2005;13;5;17;22;29;31;32;42;;
1364;6.4.2005;14;11;24;25;26;36;39;44;;
1365;10.4.2005;14;1;2;6;12;28;43;45;;
1366;13.4.2005;15;2;4;21;29;31;35;42;;
1367;17.4.2005;15;10;12;22;23;25;37;38;;
1368;20.4.2005;16;8;9;18;36;37;39;40;;
1369;24.4.2005;16;20;22;27;37;39;43;44;;
1370;27.4.2005;17;2;4;7;9;15;17;26;;
1371;1.5.2005;17;1;18;23;24;29;32;42;;
1372;4.5.2005;18;5;23;33;35;38;40;45;;
1373;8.5.2005;18;1;9;10;18;21;30;37;;
1374;11.5.2005;19;4;13;14;25;26;30;45;;
1375;15.5.2005;19;1;4;12;16;20;37;45;;
1376;18.5.2005;20;5;15;19;23;24;39;42;;
1377;22.5.2005;20;5;14;15;18;29;32;40;;
1378;25.5.2005;21;2;3;8;11;22;23;26;;
1379;29.5.2005;21;6;11;13;15;29;37;40;;
1380;1.6.2005;22;3;7;10;23;26;31;41;;
1381;5.6.2005;22;9;11;19;24;26;30;32;;
1382;8.6.2005;23;3;8;9;12;32;40;42;;
1383;12.6.2005;23;6;12;21;23;26;28;30;;
1384;15.6.2005;24;2;3;4;11;33;34;40;;
1385;19.6.2005;24;3;20;24;32;33;34;35;;
1386;22.6.2005;25;2;6;15;17;26;29;31;;
1387;26.6.2005;25;4;7;19;28;31;32;42;;
1388;29.6.2005;26;1;3;7;9;12;24;30;;
1389;3.7.2005;26;1;3;8;9;10;18;31;;
1390;6.7.2005;27;1;8;16;17;31;41;45;;
1391;10.7.2005;27;2;5;6;11;36;42;45;;
1392;13.7.2005;28;14;24;25;33;34;38;43;;
1393;17.7.2005;28;3;4;10;17;19;23;30;;
1394;20.7.2005;29;13;18;21;37;38;39;41;;
1395;24.7.2005;29;8;11;12;24;35;40;42;;
1396;27.7.2005;30;1;2;13;17;28;40;41;;
1397;31.7.2005;30;5;7;20;23;31;37;41;;
1398;3.8.2005;31;4;11;27;31;35;40;43;;
1399;7.8.2005;31;11;16;23;27;32;41;44;;
1400;10.8.2005;32;12;18;23;24;36;40;45;;
1401;14.8.2005;32;2;10;16;27;29;36;37;;
1402;17.8.2005;33;1;5;16;28;29;31;43;;
1403;21.8.2005;33;1;16;18;31;33;36;37;;
1404;24.8.2005;34;3;7;9;24;31;32;38;;
1405;28.8.2005;34;1;10;11;23;28;37;42;;
1406;31.8.2005;35;15;17;23;24;31;34;42;;
1407;4.9.2005;35;1;12;13;20;22;32;44;;
1408;7.9.2005;36;5;12;21;22;28;41;45;;
1409;11.9.2005;36;6;7;11;14;37;38;40;;
1410;14.9.2005;37;1;8;11;13;14;29;38;;
1411;18.9.2005;37;12;15;18;22;28;38;39;;
1412;21.9.2005;38;2;8;12;13;19;25;30;;
1413;25.9.2005;38;3;14;18;19;20;24;38;;
1414;28.9.2005;39;3;4;19;29;42;43;45;;
1415;2.10.2005;39;9;17;25;26;35;39;44;;
1416;5.10.2005;40;3;7;14;19;21;27;30;;
1417;9.10.2005;40;5;8;9;11;24;28;36;;
1418;12.10.2005;41;2;6;18;20;24;27;36;;
1419;16.10.2005;41;4;9;12;16;19;31;43;;
1420;19.10.2005;42;1;13;29;30;35;36;39;;
1421;23.10.2005;42;6;13;24;33;37;38;40;;
1422;26.10.2005;43;5;17;18;32;33;39;43;;
1423;30.10.2005;43;14;20;21;32;38;40;41;;
1424;2.11.2005;44;5;12;20;34;39;41;44;;
1425;6.11.2005;44;11;18;24;27;28;31;37;;
1426;9.11.2005;45;1;8;21;23;25;28;37;;
1427;13.11.2005;45;6;9;19;32;38;40;42;;
1428;16.11.2005;46;2;4;8;12;16;29;31;;
1429;20.11.2005;46;7;8;9;37;39;41;45;;
1430;23.11.2005;47;14;16;20;21;25;33;36;;
1431;27.11.2005;47;3;4;6;11;21;25;31;;
1432;30.11.2005;48;2;8;12;17;21;34;40;;
1433;4.12.2005;48;7;14;16;18;21;26;35;;
1434;7.12.2005;49;2;4;11;12;14;21;28;;
1435;11.12.2005;49;2;12;15;24;26;33;45;;
1436;14.12.2005;50;4;11;16;23;25;26;35;;
1437;18.12.2005;50;6;18;20;24;27;38;41;;
1438;21.12.2005;51;1;2;8;11;30;35;42;;
1439;25.12.2005;51;1;12;15;27;35;36;42;;
1440;28.12.2005;52;2;24;25;34;39;42;44;;
1441;1.1.2006;52;17;19;31;33;36;40;41;;
1442;4.1.2006;1;9;13;16;29;30;42;43;;
1443;8.1.2006;1;13;20;21;36;40;41;44;;
1444;11.1.2006;2;26;28;33;36;39;40;45;;
1445;15.1.2006;2;13;15;16;19;22;33;34;;
1446;18.1.2006;3;4;13;19;22;23;31;45;;
1447;22.1.2006;3;4;5;15;20;28;39;43;;
1448;25.1.2006;4;5;11;22;30;39;42;44;;
1449;29.1.2006;4;6;7;9;28;35;43;44;;
1450;1.2.2006;5;5;10;16;27;33;34;44;;
1451;5.2.2006;5;1;3;8;10;17;43;45;;
1452;8.2.2006;6;3;9;22;25;33;34;42;;
1453;12.2.2006;6;7;13;15;30;34;38;41;;
1454;15.2.2006;7;8;10;28;37;41;42;44;;
1455;19.2.2006;7;12;22;23;26;35;37;42;;
1456;22.2.2006;8;4;5;6;9;15;19;29;;
1457;26.2.2006;8;1;2;15;18;26;30;43;;
1458;1.3.2006;9;1;23;28;30;31;33;40;;
1459;5.3.2006;9;8;10;14;15;23;31;35;;
1460;8.3.2006;10;1;10;11;26;31;38;44;;
1461;12.3.2006;10;9;11;19;22;30;32;39;;
1462;15.3.2006;11;5;8;11;20;27;39;43;;
1463;19.3.2006;11;1;4;5;8;26;29;34;;
1464;22.3.2006;12;5;8;16;17;36;37;42;;
1465;26.3.2006;12;4;9;12;13;24;37;43;;
1466;29.3.2006;13;2;6;12;17;27;29;33;;
1467;2.4.2006;13;5;19;28;32;34;35;43;;
1468;5.4.2006;14;6;25;29;30;41;42;43;;
1469;9.4.2006;14;10;17;18;30;32;35;42;;
1470;12.4.2006;15;7;13;19;22;24;30;32;;
1471;16.4.2006;15;3;4;14;23;29;33;43;;
1472;19.4.2006;16;1;11;14;21;23;34;43;;
1473;23.4.2006;16;7;12;21;28;37;39;45;;
1474;26.4.2006;17;4;11;13;24;25;35;41;;
1475;30.4.2006;17;5;12;16;21;31;32;42;;
1476;3.5.2006;18;6;9;11;18;32;38;40;;
1477;7.5.2006;18;4;5;11;12;15;38;42;;
1478;10.5.2006;19;13;14;16;18;30;31;37;;
1479;14.5.2006;19;3;4;23;31;32;39;44;;
1480;17.5.2006;20;3;6;14;19;31;32;40;;
1481;21.5.2006;20;1;5;9;15;26;36;39;;
1482;24.5.2006;21;4;6;20;29;33;34;42;;
1483;28.5.2006;21;7;16;21;27;34;42;45;;
1484;31.5.2006;22;12;21;24;29;31;39;44;;
1485;4.6.2006;22;4;5;6;7;16;23;26;;
1486;7.6.2006;23;9;11;13;21;32;39;44;;
1487;11.6.2006;23;6;12;28;29;31;35;45;;
1488;14.6.2006;24;9;18;20;23;30;32;43;;
1489;18.6.2006;24;1;5;9;19;26;28;33;;
1490;21.6.2006;25;2;22;25;28;35;38;39;;
1491;25.6.2006;25;4;13;21;29;34;43;45;;
1492;28.6.2006;26;15;17;22;27;34;40;41;;
1493;2.7.2006;26;7;10;13;30;36;38;44;;
1494;5.7.2006;27;7;10;14;19;21;35;36;;
1495;9.7.2006;27;1;20;21;26;38;40;45;;
1496;12.7.2006;28;5;15;19;23;32;35;43;;
1497;16.7.2006;28;3;17;24;34;37;43;44;;
1498;19.7.2006;29;1;20;25;29;32;37;45;;
1499;23.7.2006;29;2;6;12;15;17;34;41;;
1500;26.7.2006;30;8;19;32;35;38;43;44;;
1501;30.7.2006;30;3;5;9;12;29;34;39;;
1502;2.8.2006;31;1;6;23;32;38;39;44;;
1503;6.8.2006;31;1;7;9;12;18;19;35;;
1504;9.8.2006;32;3;4;6;18;21;25;43;;
1505;13.8.2006;32;1;18;19;23;25;27;28;;
1506;16.8.2006;33;3;10;18;28;37;42;43;;
1507;20.8.2006;33;13;15;21;23;28;37;39;;
1508;23.8.2006;34;7;9;12;23;26;41;44;;
1509;27.8.2006;34;4;13;19;24;39;40;43;;
1510;30.8.2006;35;2;3;20;21;29;33;45;;
1511;3.9.2006;35;1;5;22;23;31;32;40;;
1512;6.9.2006;36;1;14;23;25;30;32;33;;
1513;10.9.2006;36;4;6;21;36;39;40;44;;
1514;13.9.2006;37;2;5;11;19;23;25;31;;
1515;17.9.2006;37;4;10;11;17;19;28;42;;
1516;20.9.2006;38;4;11;27;29;40;42;45;;
1517;24.9.2006;38;14;15;18;31;34;38;45;;
1518;27.9.2006;39;3;18;19;20;25;28;29;;
1519;1.10.2006;39;5;16;22;25;38;39;42;;
1520;4.10.2006;40;6;7;18;28;35;38;42;;
1521;8.10.2006;40;11;12;16;17;20;33;34;;
1522;11.10.2006;41;3;13;21;27;29;33;39;;
1523;15.10.2006;41;8;14;22;25;28;30;41;;
1524;18.10.2006;42;4;10;12;13;22;26;43;;
1525;22.10.2006;42;3;6;12;17;26;35;40;;
1526;25.10.2006;43;8;14;16;27;31;39;44;;
1527;29.10.2006;43;9;31;34;36;37;38;45;;
1528;1.11.2006;44;15;19;21;25;26;27;34;;
1529;5.11.2006;44;3;4;9;14;27;29;44;;
1530;8.11.2006;45;12;20;23;26;30;43;45;;
1531;12.11.2006;45;2;4;9;23;30;39;40;;
1532;15.11.2006;46;1;2;18;19;22;31;43;;
1533;19.11.2006;46;16;22;24;26;31;32;44;;
1534;22.11.2006;47;7;10;14;30;31;33;40;;
1535;26.11.2006;47;1;16;23;24;28;33;39;;
1536;29.11.2006;48;9;27;32;33;36;37;40;;
1537;3.12.2006;48;6;10;14;16;17;21;36;;
1538;6.12.2006;49;5;8;12;15;18;20;39;;
1539;10.12.2006;49;8;11;16;17;18;25;35;;
1540;13.12.2006;50;3;5;14;22;40;44;45;;
1541;17.12.2006;50;7;8;25;27;29;36;42;;
1542;20.12.2006;51;11;18;23;28;37;39;44;;
1543;24.12.2006;51;4;8;9;21;29;37;44;;
1544;27.12.2006;52;3;10;12;22;36;39;43;;
1545;31.12.2006;52;9;11;20;27;34;41;44;;
1546;3.1.2007;1;7;14;15;21;24;32;34;;
1547;7.1.2007;1;2;23;26;30;31;41;42;;
1548;10.1.2007;2;5;16;18;23;26;34;37;;
1549;14.1.2007;2;3;5;15;34;37;43;44;;
1550;17.1.2007;3;3;5;10;11;13;20;43;;
1551;21.1.2007;3;3;5;8;12;36;43;44;;
1552;24.1.2007;4;1;9;27;29;39;43;45;;
1553;28.1.2007;4;10;15;22;24;26;37;45;;
1554;31.1.2007;5;3;17;24;36;38;41;45;;
1555;4.2.2007;5;23;30;34;38;41;42;45;;
1556;7.2.2007;6;6;10;23;25;29;31;43;;
1557;11.2.2007;6;1;3;23;32;37;41;45;;
1558;14.2.2007;7;4;8;16;18;36;37;44;;
1559;18.2.2007;7;9;14;17;19;25;29;44;;
1560;21.2.2007;8;6;19;21;23;27;37;40;;
1561;25.2.2007;8;1;2;4;18;20;32;38;;
1562;28.2.2007;9;3;14;16;19;31;40;44;;
1563;4.3.2007;9;1;7;18;28;32;38;42;;
1564;7.3.2007;10;4;14;25;30;40;42;45;;
1565;11.3.2007;10;9;13;21;26;27;33;43;;
1566;14.3.2007;11;5;10;17;26;29;34;40;;
1567;18.3.2007;11;5;16;19;25;29;30;43;;
1568;21.3.2007;12;4;11;18;23;36;40;42;;
1569;25.3.2007;12;8;14;15;17;35;39;43;;
1570;28.3.2007;13;9;12;21;28;32;35;37;;
1571;1.4.2007;13;2;12;20;26;31;42;45;;
1572;4.4.2007;14;2;9;10;16;21;35;41;;
1573;8.4.2007;14;4;6;12;23;24;33;35;;
1574;11.4.2007;15;24;25;34;35;36;42;43;;
1575;15.4.2007;15;10;12;25;30;31;33;40;;
1576;18.4.2007;16;19;36;37;38;41;42;43;;
1577;22.4.2007;16;11;16;22;24;31;34;38;;
1578;25.4.2007;17;13;17;20;30;38;40;43;;
1579;29.4.2007;17;3;8;9;10;12;13;21;;
1580;2.5.2007;18;3;7;15;20;32;38;44;;
1581;6.5.2007;18;3;11;12;15;19;29;32;;
1582;9.5.2007;19;1;9;12;15;16;18;27;;
1583;13.5.2007;19;8;14;15;17;21;33;37;;
1584;16.5.2007;20;1;5;9;10;19;32;39;;
1585;20.5.2007;20;4;17;21;29;31;37;44;;
1586;23.5.2007;21;8;21;27;35;39;40;43;;
1587;27.5.2007;21;6;9;14;27;35;39;41;;
1588;30.5.2007;22;5;10;17;22;26;30;39;;
1589;3.6.2007;22;9;18;20;21;22;29;39;;
1590;6.6.2007;23;6;17;21;22;33;36;39;;
1591;10.6.2007;23;3;9;16;22;30;34;35;;
1592;13.6.2007;24;6;9;17;18;21;29;33;;
1593;17.6.2007;24;8;15;17;23;27;36;38;;
1594;20.6.2007;25;1;7;17;19;26;28;36;;
1595;24.6.2007;25;5;7;10;15;29;40;44;;
1596;27.6.2007;26;2;4;8;9;12;14;35;;
1597;1.7.2007;26;9;16;17;32;35;38;39;;
1598;4.7.2007;27;5;6;13;17;22;40;42;;
1599;8.7.2007;27;13;20;24;26;30;38;39;;
1600;11.7.2007;28;12;13;19;27;32;33;39;;
1601;15.7.2007;28;7;11;13;19;26;32;40;;
1602;18.7.2007;29;4;16;35;36;39;42;45;;
1603;22.7.2007;29;3;7;13;24;36;41;45;;
1604;25.7.2007;30;1;18;22;33;34;37;44;;
1605;29.7.2007;30;3;6;14;18;20;37;45;;
1606;1.8.2007;31;11;18;25;29;39;41;42;;
1607;5.8.2007;31;1;3;5;7;37;44;45;;
1608;8.8.2007;32;3;4;16;17;26;29;35;;
1609;12.8.2007;32;9;10;17;22;31;34;41;;
1610;15.8.2007;33;2;13;16;21;22;25;39;;
1611;19.8.2007;33;6;8;17;21;39;40;45;;
1612;22.8.2007;34;3;19;23;24;28;35;36;;
1613;26.8.2007;34;4;5;23;26;31;35;36;;
1614;29.8.2007;35;4;11;14;16;21;23;42;;
1615;2.9.2007;35;7;9;11;14;27;39;40;;
1616;5.9.2007;36;12;16;22;27;32;34;37;;
1617;9.9.2007;36;1;9;20;23;31;42;45;;
1618;12.9.2007;37;2;4;12;19;23;36;42;;
1619;16.9.2007;37;2;6;7;22;27;36;42;;
1620;19.9.2007;38;4;6;10;15;27;38;43;;
1621;23.9.2007;38;5;7;14;17;25;32;39;;
1622;26.9.2007;39;17;22;24;25;30;33;38;;
1623;30.9.2007;39;8;23;31;37;39;41;44;;
1624;3.10.2007;40;3;9;15;16;20;31;37;;
1625;7.10.2007;40;13;23;24;39;40;41;43;;
1626;10.10.2007;41;4;9;11;15;19;32;38;;
1627;14.10.2007;41;4;11;16;18;26;30;45;;
1628;17.10.2007;42;2;16;26;29;30;42;44;;
1629;21.10.2007;42;1;4;5;13;38;42;43;;
1630;24.10.2007;43;8;11;12;13;29;30;45;;
1631;28.10.2007;43;5;9;12;13;21;37;39;;
1632;31.10.2007;44;16;21;26;28;36;39;40;;
1633;4.11.2007;44;1;3;12;21;29;32;41;;
1634;7.11.2007;45;9;13;16;18;20;25;40;;
1635;11.11.2007;45;4;11;35;39;41;43;44;;
1636;14.11.2007;46;5;9;17;20;23;27;45;;
1637;18.11.2007;46;2;3;13;23;28;29;41;;
1638;21.11.2007;47;13;18;20;25;35;36;39;;
1639;25.11.2007;47;5;11;28;32;39;43;45;;
1640;28.11.2007;48;3;8;9;10;26;36;41;;
1641;2.12.2007;48;10;15;20;24;31;36;38;;
1642;5.12.2007;49;1;5;16;28;31;39;40;;
1643;9.12.2007;49;6;12;13;19;32;41;43;;
1644;12.12.2007;50;3;12;13;23;24;37;45;;
1645;16.12.2007;50;1;4;7;12;25;43;45;;
1646;19.12.2007;51;5;17;18;31;32;38;42;;
1647;23.12.2007;51;5;16;28;30;34;36;44;;
1648;26.12.2007;52;6;7;12;16;30;34;45;;
1649;30.12.2007;52;2;7;16;22;29;34;37;;
1650;2.1.2008;1;6;14;26;32;34;40;41;;
1651;6.1.2008;1;1;10;16;27;29;37;42;;
1652;9.1.2008;2;5;10;13;24;32;33;35;;
1653;13.1.2008;2;5;19;24;39;40;43;45;;
1654;16.1.2008;3;1;20;21;32;34;42;45;;
1655;20.1.2008;3;3;6;15;18;23;36;44;;
1656;23.1.2008;4;2;4;5;11;29;36;45;;
1657;27.1.2008;4;18;20;24;26;27;35;43;;
1658;30.1.2008;5;18;22;24;26;31;40;42;;
1659;3.2.2008;5;16;18;31;33;38;40;45;;
1660;6.2.2008;6;2;3;13;14;16;29;41;;
1661;10.2.2008;6;3;19;24;25;26;40;43;;
1662;13.2.2008;7;7;16;19;29;31;38;39;;
1663;17.2.2008;7;1;13;19;34;39;40;41;;
1664;20.2.2008;8;5;8;18;24;36;42;44;;
1665;24.2.2008;8;5;14;18;28;36;38;42;;
1666;27.2.2008;9;1;12;24;28;29;33;44;;
1667;2.3.2008;9;1;3;15;34;38;39;42;;
1668;5.3.2008;10;5;18;20;25;28;42;44;;
1669;9.3.2008;10;6;7;17;18;20;29;45;;
1670;12.3.2008;11;8;10;18;20;27;40;41;;
1671;16.3.2008;11;2;5;13;31;34;35;37;;
1672;19.3.2008;12;3;8;16;22;25;35;38;;
1673;23.3.2008;12;1;3;18;20;32;41;42;;
1674;26.3.2008;13;4;7;9;14;23;27;28;;
1675;30.3.2008;13;6;7;29;32;35;36;42;;
1676;2.4.2008;14;2;3;15;19;31;33;41;;
1677;6.4.2008;14;7;10;11;14;16;17;20;;
1678;9.4.2008;15;11;14;15;18;22;30;45;;
1679;13.4.2008;15;4;10;13;15;18;23;43;;
1680;16.4.2008;16;9;22;36;37;40;41;43;;
1681;20.4.2008;16;10;15;17;22;26;30;31;;
1682;23.4.2008;17;3;5;15;20;32;36;38;;
1683;27.4.2008;17;8;16;20;25;31;34;45;;
1684;30.4.2008;18;3;10;13;14;16;27;42;;
1685;4.5.2008;18;9;20;23;26;30;31;34;;
1686;7.5.2008;19;14;17;21;22;27;37;43;;
1687;11.5.2008;19;4;7;9;15;25;37;41;;
1688;14.5.2008;20;17;21;23;37;38;40;41;;
1689;18.5.2008;20;6;9;14;17;28;42;44;;
1690;21.5.2008;21;6;8;15;19;27;43;45;;
1691;25.5.2008;21;4;8;10;19;34;37;40;;
1692;28.5.2008;22;14;21;30;32;39;40;42;;
1693;1.6.2008;22;10;12;19;26;31;38;45;;
1694;4.6.2008;23;1;11;16;19;29;33;45;;
1695;8.6.2008;23;2;3;13;15;35;38;43;;
1696;11.6.2008;24;3;15;20;32;33;39;43;;
1697;15.6.2008;24;8;22;26;27;30;39;45;;
1698;18.6.2008;25;2;25;26;27;29;31;41;;
1699;22.6.2008;25;1;13;30;36;39;42;45;;
1700;25.6.2008;26;10;17;18;19;25;27;32;;
1701;29.6.2008;26;2;6;10;25;41;42;43;;
1702;2.7.2008;27;2;14;25;37;41;43;44;;
1703;6.7.2008;27;6;16;18;22;33;35;38;;
1704;9.7.2008;28;11;19;21;22;36;37;42;;
1705;13.7.2008;28;4;7;11;19;28;31;33;;
1706;16.7.2008;29;9;11;16;20;30;34;38;;
1707;20.7.2008;29;9;17;18;22;38;39;42;;
1708;23.7.2008;30;3;9;11;17;35;43;45;;
1709;27.7.2008;30;6;9;11;12;18;32;42;;
1710;30.7.2008;31;6;15;24;25;28;32;40;;
1711;3.8.2008;31;4;10;26;28;37;42;45;;
1712;6.8.2008;32;12;18;24;28;35;38;40;;
1713;10.8.2008;32;4;10;15;22;27;32;38;;
1714;13.8.2008;33;11;12;14;17;29;33;41;;
1715;17.8.2008;33;3;14;22;26;35;37;38;;
1716;20.8.2008;34;1;7;14;16;43;44;45;;
1717;24.8.2008;34;1;3;8;9;17;21;27;;
1718;27.8.2008;35;4;6;9;18;19;30;45;;
1719;31.8.2008;35;5;7;10;13;20;25;28;;
1720;3.9.2008;36;7;12;16;34;35;41;44;;
1721;7.9.2008;36;3;5;6;24;33;36;45;;
1722;10.9.2008;37;4;8;14;22;24;27;42;;
1723;14.9.2008;37;16;17;23;38;40;44;45;;
1724;17.9.2008;38;2;12;21;24;32;34;36;;
1725;21.9.2008;38;1;5;14;15;24;36;43;;
1726;24.9.2008;39;2;10;24;36;40;44;45;;
1727;28.9.2008;39;3;4;6;13;14;27;39;;
1728;1.10.2008;40;2;19;22;25;26;33;40;;
1729;5.10.2008;40;9;10;17;20;34;38;40;;
1730;8.10.2008;41;15;16;24;26;28;39;41;;
1731;12.10.2008;41;7;9;10;19;20;24;44;;
1732;15.10.2008;42;5;13;15;24;40;41;45;;
1733;19.10.2008;42;3;8;12;14;25;32;35;;
1734;22.10.2008;43;4;15;23;29;30;33;36;;
1735;26.10.2008;43;7;10;21;32;36;37;45;;
1736;29.10.2008;44;3;5;7;18;34;37;39;;
1737;2.11.2008;44;1;14;19;30;34;39;43;;
1738;5.11.2008;45;14;17;25;26;29;37;44;;
1739;9.11.2008;45;12;21;26;27;28;32;43;;
1740;12.11.2008;46;1;4;18;19;29;41;42;;
1741;16.11.2008;46;5;12;22;23;26;31;38;;
1742;19.11.2008;47;4;12;28;32;34;42;44;;
1743;23.11.2008;47;17;22;25;26;28;30;34;;
1744;26.11.2008;48;5;10;14;19;39;42;44;;
1745;30.11.2008;48;13;19;21;30;33;42;44;;
1746;3.12.2008;49;2;7;14;27;30;43;45;;
1747;7.12.2008;49;10;15;22;23;29;36;44;;
1748;10.12.2008;50;13;25;28;31;32;38;44;;
1749;14.12.2008;50;10;11;19;33;34;42;45;;
1750;17.12.2008;51;11;18;19;21;25;34;45;;
1751;21.12.2008;51;13;17;18;21;36;39;42;;
1752;24.12.2008;52;19;28;32;38;39;41;43;;
1753;28.12.2008;52;4;14;16;24;27;41;43;;
1754;31.12.2008;53;4;16;18;19;20;28;29;;
1755;4.1.2009;1;1;8;16;22;28;36;38;;
1756;7.1.2009;2;3;20;25;30;37;41;44;;
1757;11.1.2009;2;10;17;22;25;26;29;38;;
1758;14.1.2009;3;16;19;21;24;27;32;36;;
1759;18.1.2009;3;3;5;12;36;37;38;44;;
1760;21.1.2009;4;6;9;17;33;36;40;41;;
1761;25.1.2009;4;3;7;13;14;34;38;39;;
1762;28.1.2009;5;7;8;11;23;36;37;43;;
1763;1.2.2009;5;8;12;13;14;23;28;34;;
1764;4.2.2009;6;6;16;17;22;25;41;42;;
1765;8.2.2009;6;3;11;15;21;30;38;42;;
1766;11.2.2009;7;2;15;16;23;30;32;33;;
1767;15.2.2009;7;3;5;17;25;31;34;36;;
1768;18.2.2009;8;6;15;17;26;34;36;37;;
1769;22.2.2009;8;6;7;8;35;38;39;44;;
1770;25.2.2009;9;1;4;8;16;19;20;35;;
1771;1.3.2009;9;9;27;28;29;35;39;43;;
1772;4.3.2009;10;5;8;9;11;20;31;35;;
1773;8.3.2009;10;2;4;12;17;30;34;45;;
1774;11.3.2009;11;5;6;14;17;19;20;28;;
1775;15.3.2009;11;2;3;10;11;26;33;39;;
1776;18.3.2009;12;9;17;20;24;29;31;44;;
1777;22.3.2009;12;7;20;22;26;33;38;42;;
1778;25.3.2009;13;2;11;13;30;38;44;45;;
1779;29.3.2009;13;3;13;18;25;26;35;40;;
1780;1.4.2009;14;5;6;11;17;18;33;42;;
1781;5.4.2009;14;16;17;26;36;37;40;45;;
1782;8.4.2009;15;2;4;8;11;14;15;18;;
1783;12.4.2009;15;8;15;18;21;28;33;36;;
1784;15.4.2009;16;14;16;18;24;32;40;41;;
1785;19.4.2009;16;11;14;21;22;27;29;34;;
1786;22.4.2009;17;1;3;4;12;30;33;38;;
1787;26.4.2009;17;3;9;11;25;31;40;42;;
1788;29.4.2009;18;3;16;26;31;41;42;45;;
1789;3.5.2009;18;1;9;13;15;28;35;41;;
1790;6.5.2009;19;2;14;20;24;28;32;35;;
1791;10.5.2009;19;14;18;25;30;31;34;43;;
1792;13.5.2009;20;1;2;21;27;34;35;38;;
1793;17.5.2009;20;9;22;29;32;34;44;45;;
1794;20.5.2009;21;9;11;13;29;33;41;44;;
1795;24.5.2009;21;12;15;20;25;28;29;36;;
1796;27.5.2009;22;9;10;27;30;34;37;44;;
1797;31.5.2009;22;8;10;27;33;38;42;44;;
1798;3.6.2009;23;6;10;13;20;30;31;41;;
1799;7.6.2009;23;1;2;4;8;12;15;22;;
1800;10.6.2009;24;1;15;16;18;30;42;44;;
1801;14.6.2009;24;10;18;19;25;34;37;39;;
1802;17.6.2009;25;5;9;14;19;21;26;27;;
1803;21.6.2009;25;3;20;24;28;32;39;45;;
1804;24.6.2009;26;5;12;21;23;26;32;42;;
1805;28.6.2009;26;14;17;22;24;37;38;39;;
1806;1.7.2009;27;3;4;7;14;17;36;41;;
1807;5.7.2009;27;3;4;7;8;33;40;43;;
1808;8.7.2009;28;3;5;21;22;28;39;41;;
1809;12.7.2009;28;7;13;21;24;26;39;43;;
1810;15.7.2009;29;4;16;22;24;27;32;40;;
1811;19.7.2009;29;12;24;29;39;40;42;44;;
1812;22.7.2009;30;19;23;24;30;36;41;45;;
1813;26.7.2009;30;1;20;23;31;34;42;45;;
1814;29.7.2009;31;1;12;17;23;27;31;32;;
1815;2.8.2009;31;7;8;13;25;27;40;45;;
1816;5.8.2009;32;7;12;24;28;35;39;40;;
1817;9.8.2009;32;12;14;16;18;22;26;43;;
1818;12.8.2009;33;10;12;17;22;38;42;44;;
1819;16.8.2009;33;13;27;29;30;31;39;41;;
1820;19.8.2009;34;1;4;20;21;25;40;42;;
1821;23.8.2009;34;6;18;20;26;35;36;40;;
1822;26.8.2009;35;2;3;13;22;23;29;33;;
1823;30.8.2009;35;3;6;10;13;15;16;30;;
1824;2.9.2009;36;1;12;24;26;38;41;44;;
1825;6.9.2009;36;14;24;25;37;40;42;43;;
1826;9.9.2009;37;14;16;19;27;36;39;44;;
1827;13.9.2009;37;5;28;30;36;41;42;45;;
1828;16.9.2009;38;15;19;25;27;31;36;39;;
1829;20.9.2009;38;6;8;28;29;32;36;39;;
1830;23.9.2009;39;4;23;25;32;36;40;42;;
1831;27.9.2009;39;6;22;25;35;37;38;41;;
1832;30.9.2009;40;2;12;13;18;34;35;37;;
1833;4.10.2009;40;3;5;14;17;30;34;37;;
1834;7.10.2009;41;1;17;22;27;31;34;44;;
1835;11.10.2009;41;3;4;11;16;25;38;44;;
1836;14.10.2009;42;2;9;21;27;37;40;41;;
1837;18.10.2009;42;5;6;10;16;27;34;40;;
1838;21.10.2009;43;1;3;6;8;20;22;45;;
1839;25.10.2009;43;2;4;13;20;22;23;42;;
1840;28.10.2009;44;3;4;21;24;29;39;40;;
1841;1.11.2009;44;6;8;14;20;28;36;38;;
1842;4.11.2009;45;5;11;19;26;29;41;45;;
1843;8.11.2009;45;3;5;7;17;22;42;44;;
1844;11.11.2009;46;3;15;31;32;33;36;37;;
1845;15.11.2009;46;7;23;26;29;38;41;45;;
1846;18.11.2009;47;4;5;14;16;35;39;43;;
1847;22.11.2009;47;1;2;19;20;21;36;38;;
1848;25.11.2009;48;12;14;18;23;25;30;43;;
1849;29.11.2009;48;2;4;12;22;26;39;41;;
1850;2.12.2009;49;1;5;20;30;35;37;42;;
1851;6.12.2009;49;9;14;20;34;36;39;41;;
1853;13.12.2009;50;1;3;12;18;19;34;38;;
1854;16.12.2009;50;9;18;32;34;40;42;45;;
1855;20.12.2009;51;8;17;23;29;37;38;42;;
1856;23.12.2009;51;6;18;21;22;25;29;39;;
1857;27.12.2009;52;1;7;12;15;29;30;43;;
1858;30.12.2009;52;8;20;22;27;28;35;41;;
1859;3.1.2010;1;5;14;22;34;35;39;42;;
1860;6.1.2010;1;12;18;19;26;28;34;40;;
1861;10.1.2010;1;1;4;9;18;24;37;41;;
1862;13.1.2010;2;2;4;28;29;30;41;42;;
1863;17.1.2010;2;3;4;12;19;25;32;39;;
1864;20.1.2010;3;4;8;9;12;17;21;31;;
1865;24.1.2010;3;5;10;11;19;28;38;44;;
1866;27.1.2010;4;1;7;8;23;25;27;42;;
1867;31.1.2010;4;3;12;20;40;41;44;45;;
1868;3.2.2010;5;5;11;17;34;35;38;39;;
1869;7.2.2010;5;8;18;22;25;28;42;45;;
1870;10.2.2010;6;3;9;15;16;22;39;40;;
1871;14.2.2010;6;9;10;13;18;26;40;41;;
1872;17.2.2010;7;11;15;18;30;36;37;45;;
1873;21.2.2010;7;6;17;28;29;34;36;44;;
1874;24.2.2010;8;7;8;11;31;33;38;39;;
1875;28.2.2010;8;4;11;18;19;24;29;42;;
1876;3.3.2010;9;3;8;13;31;34;38;42;;
1877;7.3.2010;9;6;10;14;18;20;29;32;;
1878;10.3.2010;10;1;2;7;20;23;25;29;;
1879;14.3.2010;10;2;4;12;14;17;26;43;;
1880;17.3.2010;11;5;9;23;31;33;37;45;;
1881;21.3.2010;11;2;5;7;11;26;34;44;;
1882;24.3.2010;12;11;19;24;30;35;38;45;;
1883;28.3.2010;12;10;13;17;25;32;33;39;;
1884;31.3.2010;13;13;16;24;29;35;38;43;;
1885;4.4.2010;13;15;28;29;31;34;39;41;;
1886;7.4.2010;14;3;5;16;36;37;38;42;;
1887;11.4.2010;14;2;11;12;30;31;39;44;;
1888;14.4.2010;15;9;11;12;14;15;19;43;;
1889;18.4.2010;15;5;6;8;9;28;33;38;;
1890;21.4.2010;16;1;3;6;18;21;22;42;;
1891;25.4.2010;16;4;12;14;15;18;25;28;;
1892;28.4.2010;17;5;10;15;25;32;37;45;;
1893;2.5.2010;17;6;7;14;17;19;23;42;;
1894;5.5.2010;18;6;11;17;21;34;35;44;;
1895;9.5.2010;18;7;9;13;24;31;35;40;;
1896;12.5.2010;19;6;14;16;19;20;26;39;;
1897;16.5.2010;19;6;12;24;25;27;30;31;;
1898;19.5.2010;20;10;11;20;31;39;41;43;;
1899;23.5.2010;20;10;15;17;24;30;37;38;;
1900;26.5.2010;21;7;16;22;31;32;34;45;;
1901;30.5.2010;21;2;7;10;20;22;23;28;;
1902;2.6.2010;22;4;6;10;17;25;35;42;;
1903;6.6.2010;22;4;7;15;17;29;32;37;;
1904;9.6.2010;23;2;3;12;19;20;36;40;;
1905;13.6.2010;23;1;3;6;14;18;28;31;;
1906;16.6.2010;24;3;23;26;29;33;34;39;;
1907;20.6.2010;24;11;17;27;35;39;40;42;;
1908;23.6.2010;25;1;13;20;21;28;37;43;;
1909;27.6.2010;25;1;3;12;21;35;40;43;;
1910;30.6.2010;26;5;9;10;26;36;40;41;;
1911;4.7.2010;26;5;8;18;19;20;31;32;;
1912;7.7.2010;27;6;8;10;12;16;41;45;;
1913;11.7.2010;27;6;15;22;32;36;43;44;;
1914;14.7.2010;28;1;11;18;19;27;30;35;;
1915;18.7.2010;28;13;18;23;29;37;40;43;;
1916;21.7.2010;29;2;4;6;31;37;44;45;;
1917;25.7.2010;29;1;15;20;23;43;44;45;;
1918;28.7.2010;30;4;9;28;30;35;43;44;;
1919;1.8.2010;30;10;18;22;31;32;33;38;;
1920;4.8.2010;31;3;18;26;32;33;34;41;;
1921;8.8.2010;31;1;6;7;9;19;28;30;;
1922;11.8.2010;32;4;10;14;23;27;30;39;;
1923;15.8.2010;32;2;9;12;17;20;26;27;;
1924;18.8.2010;33;10;12;20;21;33;37;38;;
1925;22.8.2010;33;5;21;22;26;38;39;44;;
1926;25.8.2010;34;4;11;19;21;22;31;35;;
1927;29.8.2010;34;2;15;20;22;27;40;44;;
1928;1.9.2010;35;17;19;23;30;31;33;43;;
1929;5.9.2010;35;8;10;12;23;28;29;45;;
1930;8.9.2010;36;4;30;31;32;33;34;38;;
1931;12.9.2010;36;1;8;9;19;34;39;43;;
1932;15.9.2010;37;5;6;22;26;34;35;42;;
1933;19.9.2010;37;6;16;17;20;26;34;36;;
1934;22.9.2010;38;2;9;10;11;14;29;40;;
1935;26.9.2010;38;2;12;15;33;34;42;45;;
1936;29.9.2010;39;9;17;26;28;33;35;36;;
1937;3.10.2010;39;1;17;24;25;26;31;36;;
1938;6.10.2010;40;10;23;27;36;39;40;43;;
1939;10.10.2010;40;7;9;15;18;21;24;44;;
1940;13.10.2010;41;2;3;13;20;30;35;40;;
1941;17.10.2010;41;11;23;25;28;30;40;44;;
1942;20.10.2010;42;2;10;12;22;25;34;42;;
1943;24.10.2010;42;5;25;31;36;41;43;45;;
1944;27.10.2010;43;1;15;24;33;34;43;44;;
1945;31.10.2010;43;3;4;6;13;16;19;43;;
1946;3.11.2010;44;13;16;18;20;29;39;45;;
1947;7.11.2010;44;4;12;22;24;37;42;44;;
1948;10.11.2010;45;4;11;18;30;31;42;43;;
1949;14.11.2010;45;4;6;25;33;38;44;45;;
1950;17.11.2010;46;6;12;13;21;22;26;40;;
1951;21.11.2010;46;1;13;19;24;30;36;38;;
1952;24.11.2010;47;10;13;29;31;39;44;45;;
1953;28.11.2010;47;3;23;25;26;28;38;44;;
1954;1.12.2010;48;12;15;16;22;24;29;36;;
1955;5.12.2010;48;3;7;10;29;32;42;43;;
1956;8.12.2010;49;1;3;9;22;39;42;43;;
1957;12.12.2010;49;5;7;10;32;33;39;43;;
1958;15.12.2010;50;3;9;26;33;36;38;44;;
1959;19.12.2010;50;16;20;24;26;34;37;43;;
1960;22.12.2010;51;3;6;7;11;28;35;36;;
1961;26.12.2010;51;1;2;11;12;13;24;26;;
1962;29.12.2010;52;5;6;22;25;32;42;43;;
1963;2.1.2011;52;10;12;21;24;36;40;42;;
1964;5.1.2011;1;1;8;18;25;30;43;45;;
1965;9.1.2011;1;2;4;12;14;21;24;40;;
1966;12.1.2011;2;3;6;10;12;15;19;38;;
1967;16.1.2011;2;1;2;10;11;15;16;25;;
1968;19.1.2011;3;3;19;23;24;35;43;44;;
1969;23.1.2011;3;2;12;13;33;37;41;45;;
1970;26.1.2011;4;8;10;19;21;22;34;44;;
1971;30.1.2011;4;2;10;13;15;19;37;41;;
1972;2.2.2011;5;3;16;19;22;23;24;28;;
1973;6.2.2011;5;1;2;10;16;26;27;34;;
1974;6.2.2011;6;2;4;9;11;16;17;24;;
1975;13.2.2011;6;6;17;29;34;39;40;43;;
1976;16.2.2011;7;1;10;18;21;24;27;45;;
1977;20.2.2011;7;3;8;20;37;38;44;45;;
1978;23.2.2011;8;3;13;15;17;20;28;29;;
1979;27.2.2011;8;21;22;25;28;31;41;45;;
1980;2.3.2011;9;3;11;17;25;28;32;42;;
1981;6.3.2011;9;3;4;16;19;32;36;37;;
1982;9.3.2011;10;10;12;17;20;22;27;44;;
1983;13.3.2011;10;8;9;14;20;25;37;42;;
1984;16.3.2011;11;6;18;19;20;24;26;37;;
1985;20.3.2011;11;7;8;22;24;29;30;41;;
1986;23.3.2011;12;1;2;9;12;24;35;37;;
1987;27.3.2011;12;17;20;22;25;32;39;43;;
1988;30.3.2011;13;15;16;19;23;29;34;39;;
1989;3.4.2011;13;11;13;15;27;35;36;38;;
1990;6.4.2011;14;10;16;33;35;38;40;41;;
1991;10.4.2011;14;2;5;13;15;19;26;43;;
1992;13.4.2011;15;7;9;18;22;24;31;44;;
1993;17.4.2011;15;4;16;21;22;29;32;42;;
1994;20.4.2011;16;8;13;14;25;34;39;44;;
1995;24.4.2011;16;2;5;14;20;30;33;43;;
1996;27.4.2011;17;2;8;9;14;16;32;44;;
1997;1.5.2011;17;15;24;25;28;32;38;41;;
1998;4.5.2011;18;4;10;20;21;37;40;43;;
1999;8.5.2011;18;3;5;6;22;33;36;44;;
2000;11.5.2011;19;4;6;24;25;26;28;42;;
2001;15.5.2011;19;2;18;21;22;29;37;40;;
2002;18.5.2011;19;5;9;18;24;25;31;45;;
2003;22.5.2011;20;2;17;24;28;33;38;43;;
2004;25.5.2011;20;2;11;16;18;28;37;43;;
2005;29.5.2011;21;1;6;14;26;28;30;35;;
2006;1.6.2011;21;4;6;8;11;38;40;43;;
2007;5.6.2011;22;8;11;15;16;18;21;29;;
2008;8.6.2011;22;6;9;15;21;34;38;42;;
2009;12.6.2011;23;3;6;13;14;24;27;44;;
2010;15.6.2011;23;1;9;11;15;17;30;43;;
2011;19.6.2011;24;8;16;19;26;35;37;40;;
2012;22.6.2011;25;7;14;17;27;32;34;41;;
2013;26.6.2011;25;7;10;11;16;17;39;43;;
2014;29.6.2011;26;1;2;3;14;25;38;41;;
2015;3.7.2011;26;10;22;25;26;31;36;39;;
2016;6.7.2011;27;5;6;17;22;24;35;45;;
2017;10.7.2011;27;4;25;29;33;34;40;44;;
2018;13.7.2011;28;8;15;17;24;34;37;38;;
2019;17.7.2011;28;4;6;9;11;17;31;33;;
2020;20.7.2011;29;25;32;35;37;41;42;45;;
2021;24.7.2011;29;4;12;14;15;22;32;44;;
2022;27.7.2011;30;2;6;9;19;20;24;33;;
2023;31.7.2011;30;1;7;17;31;34;37;45;;
2024;3.8.2011;31;3;21;24;27;31;36;43;;
2025;7.8.2011;31;2;8;9;14;32;40;42;;
2026;10.8.2011;32;5;6;21;24;31;35;40;;
2027;14.8.2011;32;2;3;23;31;32;36;39;;
2028;17.8.2011;33;5;7;10;11;21;26;35;;
2029;21.8.2011;33;1;5;11;16;34;38;44;;
2030;24.8.2011;34;13;19;25;26;39;44;45;;
2031;28.8.2011;34;6;11;14;20;30;32;42;;
2032;31.8.2011;35;2;15;16;23;28;33;44;;
2033;4.9.2011;35;5;18;23;32;35;40;44;;
2034;7.9.2011;36;1;6;7;10;26;33;42;;
2035;11.9.2011;36;13;16;18;33;35;36;38;;
2036;14.9.2011;37;3;5;19;28;36;37;38;;
2037;18.9.2011;37;10;11;22;24;27;36;39;;
2038;21.9.2011;38;1;18;19;29;33;35;41;;
2039;25.9.2011;38;14;20;21;28;30;31;37;;
2040;28.9.2011;39;1;3;15;21;39;40;43;;
2041;2.10.2011;40;3;8;13;18;22;27;41;;
2042;5.10.2011;40;6;9;12;13;36;40;42;;
2043;9.10.2011;41;5;7;10;26;31;38;42;;
2044;12.10.2011;41;4;9;20;23;29;31;40;;
2045;16.10.2011;42;1;6;15;29;33;35;36;;
2046;19.10.2011;42;16;29;31;36;38;40;44;;
2047;23.10.2011;43;2;18;20;27;28;37;38;;
2048;26.10.2011;43;4;11;13;26;35;36;42;;
2049;30.10.2011;44;4;13;14;25;29;38;45;;
2050;2.11.2011;44;4;23;28;31;32;36;45;;
2051;6.11.2011;45;7;19;24;31;33;37;44;;
2052;9.11.2011;45;8;9;10;17;27;34;39;;
2053;13.11.2011;46;9;10;15;16;24;32;34;;
2054;16.11.2011;46;12;17;29;34;35;36;45;;
2055;20.11.2011;47;1;7;8;25;36;37;39;;
2056;23.11.2011;47;10;18;24;25;38;39;41;;
2057;27.11.2011;48;2;4;6;9;13;15;28;;
2058;30.11.2011;48;6;27;36;37;38;41;44;;
2059;4.12.2011;49;3;9;12;17;21;31;44;;
2060;7.12.2011;49;7;19;27;32;34;35;36;;
2061;11.12.2011;50;3;6;12;18;22;25;27;;
2062;14.12.2011;50;6;21;30;37;38;41;45;;
2063;18.12.2011;51;19;23;24;35;40;42;45;;
2064;21.12.2011;51;6;11;23;25;28;33;36;;
2065;25.12.2011;52;5;7;8;24;34;35;36;;
2066;28.12.2011;52;15;19;26;34;37;41;44;;
2067;1.1.2012;1;10;14;21;23;24;38;44;;
2068;4.1.2012;1;11;13;17;21;22;33;36;;
2069;8.1.2012;2;19;21;27;36;37;39;42;;
2070;11.1.2012;2;4;7;9;10;16;23;30;;
2071;15.1.2012;3;4;19;28;35;36;38;45;;
2072;18.1.2012;3;7;16;18;25;28;39;42;;
2073;22.1.2012;4;7;9;10;11;17;25;45;;
2074;25.1.2012;4;2;3;6;22;31;40;42;;
2075;29.1.2012;5;22;26;27;30;32;38;40;;
2076;1.2.2012;5;5;7;16;17;21;23;28;;
2077;5.2.2012;6;18;20;25;28;29;39;42;;
2078;8.2.2012;6;6;9;16;19;21;22;24;;
2079;12.2.2012;7;1;5;6;12;22;41;44;;
2080;15.2.2012;7;2;5;7;12;13;23;32;;
2081;19.2.2012;8;5;14;15;32;37;38;43;;
2082;22.2.2012;8;2;3;6;31;34;41;44;;
2083;26.2.2012;9;1;15;17;20;24;25;42;;
2084;29.2.2012;9;5;16;17;27;37;41;43;;
2085;4.3.2012;10;4;5;13;19;31;37;45;;
2086;7.3.2012;10;8;16;21;23;32;36;43;;
2087;11.3.2012;11;1;2;16;17;33;35;45;;
2088;14.3.2012;11;6;9;10;14;18;24;26;;
2089;18.3.2012;12;4;10;13;21;24;32;45;;
2090;21.3.2012;12;5;8;14;24;39;42;44;;
2091;25.3.2012;13;6;8;10;29;32;44;45;;
2092;28.3.2012;13;9;19;20;21;23;25;44;;
2093;1.4.2012;14;11;12;24;26;37;39;43;;
2094;4.4.2012;14;1;6;19;30;31;36;41;;
2095;8.4.2012;15;2;6;14;16;42;43;44;;
2096;11.4.2012;15;1;20;24;26;30;34;35;;
2097;15.4.2012;16;2;5;20;24;27;34;42;;
2098;18.4.2012;16;7;10;12;23;32;39;40;;
2099;22.4.2012;17;25;26;27;32;34;37;43;;
2100;25.4.2012;17;1;3;30;39;41;43;45;;
2101;29.4.2012;18;2;3;5;16;17;21;41;;
2102;2.5.2012;18;4;9;13;15;19;22;44;;
2103;6.5.2012;19;10;23;25;26;27;35;40;;
2104;9.5.2012;19;2;5;10;15;27;28;34;;
2105;13.5.2012;20;31;32;35;36;38;41;43;;
2106;16.5.2012;20;1;9;10;22;25;32;36;;
2107;20.5.2012;21;3;6;15;27;29;30;38;;
2108;23.5.2012;21;1;10;13;18;29;30;33;;
2109;27.5.2012;22;13;19;22;23;30;42;45;;
2110;30.5.2012;22;13;14;17;20;23;32;34;;
2111;3.6.2012;23;2;10;13;21;31;32;34;;
2112;6.6.2012;23;8;9;16;21;24;27;34;;
2113;10.6.2012;24;2;7;11;17;21;26;41;;
2114;13.6.2012;24;2;8;13;15;17;32;45;;
2115;17.6.2012;25;8;9;12;14;23;35;37;;
2116;20.6.2012;25;3;4;5;13;15;34;44;;
2117;24.6.2012;26;6;9;18;19;22;28;38;;
2118;27.6.2012;26;9;17;18;19;21;35;42;;
2119;1.7.2012;27;8;13;20;22;28;36;37;;
2120;4.7.2012;27;6;12;16;17;19;29;36;;
2121;8.7.2012;27;3;5;11;19;34;41;42;;
2122;11.7.2012;28;7;9;15;17;20;24;35;;
2123;15.7.2012;28;6;10;21;23;28;30;31;;
2124;18.7.2012;29;11;16;29;31;34;39;41;;
2125;22.7.2012;29;6;11;15;17;22;24;37;;
2126;25.7.2012;30;4;14;16;18;29;42;44;;
2127;29.7.2012;30;6;7;15;18;24;37;43;;
2128;1.8.2012;31;1;7;9;29;32;34;43;;
2129;5.8.2012;31;1;5;15;19;21;38;39;;
2130;8.8.2012;32;2;5;17;19;36;37;45;;
2131;12.8.2012;32;12;29;30;35;36;37;44;;
2132;15.8.2012;33;3;6;9;14;33;41;44;;
2133;19.8.2012;33;4;13;15;26;30;36;38;;
2134;22.8.2012;34;1;16;25;30;31;38;44;;
2135;26.8.2012;34;6;8;18;23;24;29;37;;
2136;29.8.2012;35;2;13;23;31;37;40;45;;
2137;2.9.2012;35;7;13;24;27;40;43;44;;
2138;5.9.2012;36;9;15;19;27;30;33;37;;
2139;9.9.2012;36;1;5;18;24;39;40;45;;
2140;12.9.2012;37;4;10;16;17;25;27;39;;
2141;16.9.2012;37;6;19;26;27;30;31;43;;
2142;19.9.2012;38;9;19;23;26;27;31;32;;
2143;23.9.2012;38;8;13;14;17;21;32;41;;
2144;26.9.2012;39;6;10;37;40;41;42;44;;
2145;30.9.2012;39;6;14;22;31;36;37;39;;
2146;3.10.2012;40;28;30;34;38;42;43;45;;
2147;7.10.2012;40;8;16;29;33;35;42;44;;
2148;10.10.2012;41;9;14;20;24;28;30;39;;
2149;14.10.2012;41;8;12;20;22;24;40;41;;
2150;17.10.2012;42;7;13;18;25;33;41;44;;
2151;21.10.2012;42;2;3;5;10;14;32;43;;
2152;24.10.2012;43;2;25;29;31;34;35;42;;
2153;28.10.2012;43;1;3;24;27;28;42;43;;
2154;31.10.2012;44;5;9;14;32;33;41;45;;
2155;4.11.2012;44;2;10;31;32;35;40;43;;
2156;7.11.2012;45;13;14;20;23;26;34;39;;
2157;11.11.2012;45;2;10;11;14;20;33;35;;
2158;14.11.2012;46;6;12;16;27;30;35;36;;
2159;18.11.2012;46;5;9;21;22;29;32;41;;
2160;21.11.2012;47;10;12;16;20;30;33;43;;
2161;25.11.2012;47;2;5;7;16;21;24;28;;
2162;28.11.2012;48;4;9;10;18;26;28;34;;
2163;2.12.2012;48;6;8;28;34;35;41;44;;
2164;5.12.2012;49;5;6;18;19;26;28;42;;
2165;9.12.2012;49;5;8;11;15;20;23;30;;
2166;12.12.2012;50;4;17;20;22;23;27;35;;
2167;16.12.2012;50;6;12;17;24;27;30;44;;
2168;19.12.2012;51;5;7;15;17;24;25;31;;
2169;23.12.2012;51;7;8;9;17;23;25;43;;
2170;26.12.2012;52;8;16;24;27;29;39;40;;
2171;30.12.2012;52;3;5;17;21;25;35;43;;
2172;2.1.2013;1;5;11;15;34;36;40;43;;
2173;6.1.2013;1;7;15;21;28;34;35;39;;
2174;9.1.2013;2;3;11;12;22;28;34;45;;
2175;13.1.2013;2;11;16;17;18;20;27;36;;
2176;16.1.2013;3;10;20;23;26;27;36;42;;
2177;20.1.2013;3;4;8;27;34;36;40;44;;
2178;23.1.2013;4;4;20;30;32;40;41;44;;
2179;27.1.2013;4;2;11;16;26;35;36;39;;
2180;30.1.2013;5;1;15;20;32;35;43;45;;
2181;3.2.2013;5;4;13;16;19;29;35;38;;
2182;6.2.2013;6;7;9;10;11;12;18;45;;
2183;10.2.2013;6;6;9;10;31;42;44;45;;
2184;13.2.2013;7;1;7;20;34;35;42;44;;
2185;17.2.2013;7;4;17;21;38;41;42;43;;
2186;20.2.2013;8;4;7;13;20;31;34;41;;
2187;23.2.2013;8;12;13;25;27;30;42;45;;
2188;27.2.2013;9;7;9;12;25;27;28;39;;
2189;3.3.2013;9;6;11;16;20;31;40;43;;
2190;6.3.2013;10;3;15;18;22;25;27;28;;
2191;10.3.2013;10;12;16;24;25;26;27;44;;
2192;13.3.2013;11;11;21;24;31;38;41;43;;
2193;17.3.2013;11;2;8;11;13;24;29;31;;
2194;20.3.2013;12;1;3;6;21;23;40;41;;
2195;24.3.2013;12;12;14;21;35;39;42;44;;
2196;27.3.2013;13;2;9;16;22;23;24;43;;
